NOC,3x3 Basketball,Aeronautics,Alpinism,Archery,Art Competitions,Artistic Gymnastics,Artistic Swimming,Athletics,Badminton,Baseball,Baseball/Softball,Basketball,Basque Pelota,Beach Volleyball,Boxing,Breaking,Canoe Slalom,Canoe Sprint,Canoeing,Cricket,Croquet,Cycling,Cycling BMX Freestyle,Cycling BMX Racing,Cycling Mountain Bike,Cycling Road,Cycling Track,Diving,Equestrian,Equestrianism,Fencing,Figure Skating,Football,Golf,Gymnastics,Handball,Hockey,Ice Hockey,Jeu De Paume,Judo,Karate,Lacrosse,Marathon Swimming,Modern Pentathlon,Motorboating,Polo,Racquets,Rhythmic Gymnastics,Roque,Rowing,Rugby,Rugby Sevens,Sailing,Shooting,Skateboarding,Softball,Sport Climbing,Surfing,Swimming,Synchronized Swimming,Table Tennis,Taekwondo,Tennis,Trampoline Gymnastics,Trampolining,Triathlon,Tug-Of-War,Volleyball,Water Polo,Weightlifting,Wrestling
AFG,0.0,0.0,0.0,0.0,0.0,0.0,0.0,0.0,0.0,0.0,0.0,0.0,0.0,0.0,0.0,0.0,0.0,0.0,0.0,0.0,0.0,0.0,0.0,0.0,0.0,0.0,0.0,0.0,0.0,0.0,0.0,0.0,0.0,0.0,0.0,0.0,0.0,0.0,0.0,0.0,0.0,0.0,0.0,0.0,0.0,0.0,0.0,0.0,0.0,0.0,0.0,0.0,0.0,0.0,0.0,0.0,0.0,0.0,0.0,0.0,0.0,1.0,0.0,0.0,0.0,0.0,0.0,0.0,0.0,0.0,0.0
AHO,0.0,0.0,0.0,0.0,0.0,0.0,0.0,0.0,0.0,0.0,0.0,0.0,0.0,0.0,0.0,0.0,0.0,0.0,0.0,0.0,0.0,0.0,0.0,0.0,0.0,0.0,0.0,0.0,0.0,0.0,0.0,0.0,0.0,0.0,0.0,0.0,0.0,0.0,0.0,0.0,0.0,0.0,0.0,0.0,0.0,0.0,0.0,0.0,0.0,0.0,0.0,0.0,1.0,0.0,0.0,0.0,0.0,0.0,0.0,0.0,0.0,0.0,0.0,0.0,0.0,0.0,0.0,0.0,0.0,0.0,0.0
AIN,0.0,0.0,0.0,0.0,0.0,0.0,0.0,0.0,0.0,0.0,0.0,0.0,0.0,0.0,0.0,0.0,0.0,0.0,0.0,0.0,0.0,0.0,0.0,0.0,0.0,0.0,0.0,0.0,0.0,0.0,0.0,0.0,0.0,0.0,0.0,0.0,0.0,0.0,0.0,0.0,0.0,0.0,0.0,0.0,0.0,0.0,0.0,0.0,0.0,0.16666666666666666,0.0,0.0,0.0,0.0,0.0,0.0,0.0,0.0,0.0,0.0,0.0,0.0,0.3333333333333333,0.3333333333333333,0.0,0.0,0.0,0.0,0.0,0.16666666666666666,0.0
ALB,0.0,0.0,0.0,0.0,0.0,0.0,0.0,0.0,0.0,0.0,0.0,0.0,0.0,0.0,0.0,0.0,0.0,0.0,0.0,0.0,0.0,0.0,0.0,0.0,0.0,0.0,0.0,0.0,0.0,0.0,0.0,0.0,0.0,0.0,0.0,0.0,0.0,0.0,0.0,0.0,0.0,0.0,0.0,0.0,0.0,0.0,0.0,0.0,0.0,0.0,0.0,0.0,0.0,0.0,0.0,0.0,0.0,0.0,0.0,0.0,0.0,0.0,0.0,0.0,0.0,0.0,0.0,0.0,0.0,0.0,1.0
ALG,0.0,0.0,0.0,0.0,0.0,0.05,0.0,0.5,0.0,0.0,0.0,0.0,0.0,0.0,0.35,0.0,0.0,0.0,0.0,0.0,0.0,0.0,0.0,0.0,0.0,0.0,0.0,0.0,0.0,0.0,0.0,0.0,0.0,0.0,0.0,0.0,0.0,0.0,0.0,0.1,0.0,0.0,0.0,0.0,0.0,0.0,0.0,0.0,0.0,0.0,0.0,0.0,0.0,0.0,0.0,0.0,0.0,0.0,0.0,0.0,0.0,0.0,0.0,0.0,0.0,0.0,0.0,0.0,0.0,0.0,0.0
ANZ,0.0,0.0,0.0,0.0,0.0,0.0,0.0,0.034482758620689655,0.0,0.0,0.0,0.0,0.0,0.0,0.034482758620689655,0.0,0.0,0.0,0.0,0.0,0.0,0.0,0.0,0.0,0.0,0.0,0.0,0.0,0.0,0.0,0.0,0.0,0.0,0.0,0.0,0.0,0.0,0.0,0.0,0.0,0.0,0.0,0.0,0.0,0.0,0.0,0.0,0.0,0.0,0.0,0.5172413793103449,0.0,0.0,0.0,0.0,0.0,0.0,0.0,0.3793103448275862,0.0,0.0,0.0,0.034482758620689655,0.0,0.0,0.0,0.0,0.0,0.0,0.0,0.0
ARG,0.0,0.0,0.0,0.0,0.0,0.0,0.0,0.01488095238095238,0.0,0.0,0.0,0.07142857142857142,0.0,0.0,0.07142857142857142,0.0,0.0,0.0,0.0,0.0,0.0,0.005952380952380952,0.002976190476190476,0.0,0.0,0.0,0.0,0.0,0.0,0.002976190476190476,0.01488095238095238,0.0,0.20238095238095238,0.0,0.0,0.0,0.34226190476190477,0.0,0.0,0.005952380952380952,0.0,0.0,0.0,0.0,0.0,0.026785714285714284,0.0,0.0,0.0,0.017857142857142856,0.0,0.03869047619047619,0.06845238095238096,0.002976190476190476,0.0,0.0,0.0,0.0,0.008928571428571428,0.0,0.0,0.002976190476190476,0.020833333333333332,0.0,0.0,0.0,0.0,0.07142857142857142,0.0,0.005952380952380952,0.0
ARM,0.0,0.0,0.0,0.0,0.0,0.08333333333333333,0.0,0.0,0.0,0.0,0.0,0.0,0.0,0.0,0.08333333333333333,0.0,0.0,0.0,0.0,0.0,0.0,0.0,0.0,0.0,0.0,0.0,0.0,0.0,0.0,0.0,0.0,0.0,0.0,0.0,0.0,0.0,0.0,0.0,0.0,0.0,0.0,0.0,0.0,0.0,0.0,0.0,0.0,0.0,0.0,0.0,0.0,0.0,0.0,0.0,0.0,0.0,0.0,0.0,0.0,0.0,0.0,0.0,0.0,0.0,0.0,0.0,0.0,0.0,0.0,0.375,0.4583333333333333
AUS,0.0,0.0,0.0,0.003213367609254499,0.0,0.0,0.0,0.06426735218508997,0.0,0.015424164524421594,0.0,0.05334190231362468,0.0,0.0038560411311053984,0.004498714652956298,0.0,0.003213367609254499,0.005141388174807198,0.02634961439588689,0.0,0.0,0.05398457583547558,0.0012853470437017994,0.0006426735218508997,0.0,0.0012853470437017994,0.011568123393316195,0.014138817480719794,0.0038560411311053984,0.02377892030848329,0.0,0.0,0.0,0.0,0.0,0.0,0.13239074550128535,0.0,0.0,0.0012853470437017994,0.0,0.0,0.0006426735218508997,0.0006426735218508997,0.0,0.0,0.0,0.0,0.0,0.10411311053984576,0.0,0.007712082262210797,0.037275064267352186,0.007712082262210797,0.0019280205655526992,0.038560411311053984,0.0,0.0012853470437017994,0.3245501285347044,0.0,0.0,0.0012853470437017994,0.008997429305912597,0.0,0.0006426735218508997,0.003213367609254499,0.0,0.0,0.033419023136246784,0.002570694087403599,0.0019280205655526992
AUT,0.0,0.0,0.0,0.0,0.0546448087431694,0.0,0.0,0.04371584699453552,0.0,0.0,0.0,0.0,0.0,0.0,0.0,0.0,0.0,0.0,0.11475409836065574,0.0,0.0,0.01639344262295082,0.0,0.0,0.0,0.00546448087431694,0.0,0.00546448087431694,0.0,0.03278688524590164,0.07103825136612021,0.0,0.07103825136612021,0.0,0.01639344262295082,0.12021857923497267,0.0,0.0,0.0,0.04371584699453552,0.00546448087431694,0.0,0.0,0.0,0.0,0.0,0.0,0.0,0.0,0.0546448087431694,0.0,0.0,0.08196721311475409,0.04371584699453552,0.0,0.0,0.01639344262295082,0.0,0.09289617486338798,0.0,0.0,0.0,0.01092896174863388,0.0,0.0,0.00546448087431694,0.0,0.0,0.0,0.060109289617486336,0.03278688524590164
AZE,0.0,0.0,0.0,0.0,0.0,0.0,0.0,0.0,0.0,0.0,0.0,0.0,0.0,0.0,0.1724137931034483,0.0,0.0,0.0,0.034482758620689655,0.0,0.0,0.0,0.0,0.0,0.0,0.0,0.0,0.0,0.0,0.0,0.0,0.0,0.0,0.0,0.0,0.0,0.0,0.0,0.0,0.1206896551724138,0.034482758620689655,0.0,0.0,0.0,0.0,0.0,0.0,0.0,0.0,0.0,0.0,0.0,0.0,0.05172413793103448,0.0,0.0,0.0,0.0,0.0,0.0,0.0,0.06896551724137931,0.0,0.0,0.0,0.0,0.0,0.0,0.0,0.017241379310344827,0.5
BAH,0.0,0.0,0.0,0.0,0.0,0.0,0.0,0.9047619047619048,0.0,0.0,0.0,0.0,0.0,0.0,0.0,0.0,0.0,0.0,0.0,0.0,0.0,0.0,0.0,0.0,0.0,0.0,0.0,0.0,0.0,0.0,0.0,0.0,0.0,0.0,0.0,0.0,0.0,0.0,0.0,0.0,0.0,0.0,0.0,0.0,0.0,0.0,0.0,0.0,0.0,0.0,0.0,0.0,0.09523809523809523,0.0,0.0,0.0,0.0,0.0,0.0,0.0,0.0,0.0,0.0,0.0,0.0,0.0,0.0,0.0,0.0,0.0,0.0
BAR,0.0,0.0,0.0,0.0,0.0,0.0,0.0,1.0,0.0,0.0,0.0,0.0,0.0,0.0,0.0,0.0,0.0,0.0,0.0,0.0,0.0,0.0,0.0,0.0,0.0,0.0,0.0,0.0,0.0,0.0,0.0,0.0,0.0,0.0,0.0,0.0,0.0,0.0,0.0,0.0,0.0,0.0,0.0,0.0,0.0,0.0,0.0,0.0,0.0,0.0,0.0,0.0,0.0,0.0,0.0,0.0,0.0,0.0,0.0,0.0,0.0,0.0,0.0,0.0,0.0,0.0,0.0,0.0,0.0,0.0,0.0
BDI,0.0,0.0,0.0,0.0,0.0,0.0,0.0,1.0,0.0,0.0,0.0,0.0,0.0,0.0,0.0,0.0,0.0,0.0,0.0,0.0,0.0,0.0,0.0,0.0,0.0,0.0,0.0,0.0,0.0,0.0,0.0,0.0,0.0,0.0,0.0,0.0,0.0,0.0,0.0,0.0,0.0,0.0,0.0,0.0,0.0,0.0,0.0,0.0,0.0,0.0,0.0,0.0,0.0,0.0,0.0,0.0,0.0,0.0,0.0,0.0,0.0,0.0,0.0,0.0,0.0,0.0,0.0,0.0,0.0,0.0,0.0
BEL,0.0,0.0,0.0,0.10590631364562118,0.016293279022403257,0.002036659877800407,0.0,0.04276985743380855,0.0,0.0,0.0,0.0,0.0,0.0,0.008146639511201629,0.0,0.0,0.0,0.0,0.0,0.0,0.09572301425661914,0.0,0.0,0.0,0.008146639511201629,0.002036659877800407,0.0,0.008146639511201629,0.04684317718940937,0.09775967413441955,0.0,0.04684317718940937,0.0,0.09775967413441955,0.0,0.09775967413441955,0.0,0.0,0.028513238289205704,0.0,0.0,0.0,0.0,0.0,0.0,0.0,0.0,0.0,0.06109979633401222,0.0,0.0,0.038696537678207736,0.034623217922606926,0.0,0.0,0.0,0.0,0.010183299389002037,0.0,0.0,0.002036659877800407,0.006109979633401222,0.0,0.0,0.0,0.016293279022403257,0.0,0.109979633401222,0.008146639511201629,0.008146639511201629
BER,0.0,0.0,0.0,0.0,0.0,0.0,0.0,0.0,0.0,0.0,0.0,0.0,0.0,0.0,0.5,0.0,0.0,0.0,0.0,0.0,0.0,0.0,0.0,0.0,0.0,0.0,0.0,0.0,0.0,0.0,0.0,0.0,0.0,0.0,0.0,0.0,0.0,0.0,0.0,0.0,0.0,0.0,0.0,0.0,0.0,0.0,0.0,0.0,0.0,0.0,0.0,0.0,0.0,0.0,0.0,0.0,0.0,0.0,0.0,0.0,0.0,0.0,0.0,0.0,0.0,0.5,0.0,0.0,0.0,0.0,0.0
BLR,0.0,0.0,0.0,0.0,0.0,0.0,0.0,0.13432835820895522,0.0,0.0,0.0,0.0,0.0,0.0,0.014925373134328358,0.0,0.0,0.029850746268656716,0.16417910447761194,0.0,0.0,0.007462686567164179,0.0,0.0,0.0,0.0,0.0,0.0,0.0,0.0,0.0,0.0,0.0,0.0,0.029850746268656716,0.0,0.0,0.0,0.0,0.014925373134328358,0.0,0.0,0.0,0.007462686567164179,0.0,0.0,0.0,0.16417910447761194,0.0,0.12686567164179105,0.0,0.0,0.0,0.05223880597014925,0.0,0.0,0.0,0.0,0.022388059701492536,0.0,0.0,0.0,0.022388059701492536,0.007462686567164179,0.007462686567164179,0.0,0.0,0.0,0.0,0.08955223880597014,0.1044776119402985
BOH,0.0,0.0,0.0,0.0,0.0,0.0,0.0,0.08333333333333333,0.0,0.0,0.0,0.0,0.0,0.0,0.0,0.0,0.0,0.0,0.0,0.0,0.0,0.0,0.0,0.0,0.0,0.0,0.0,0.0,0.0,0.0,0.5,0.0,0.0,0.0,0.0,0.0,0.0,0.0,0.0,0.0,0.0,0.0,0.0,0.0,0.0,0.0,0.0,0.0,0.0,0.0,0.0,0.0,0.0,0.0,0.0,0.0,0.0,0.0,0.0,0.0,0.0,0.0,0.4166666666666667,0.0,0.0,0.0,0.0,0.0,0.0,0.0,0.0
BOT,0.0,0.0,0.0,0.0,0.0,0.0,0.0,1.0,0.0,0.0,0.0,0.0,0.0,0.0,0.0,0.0,0.0,0.0,0.0,0.0,0.0,0.0,0.0,0.0,0.0,0.0,0.0,0.0,0.0,0.0,0.0,0.0,0.0,0.0,0.0,0.0,0.0,0.0,0.0,0.0,0.0,0.0,0.0,0.0,0.0,0.0,0.0,0.0,0.0,0.0,0.0,0.0,0.0,0.0,0.0,0.0,0.0,0.0,0.0,0.0,0.0,0.0,0.0,0.0,0.0,0.0,0.0,0.0,0.0,0.0,0.0
BRA,0.0,0.0,0.0,0.0,0.0,0.01675041876046901,0.0,0.05025125628140704,0.0,0.0,0.0,0.09715242881072027,0.0,0.04690117252931323,0.01507537688442211,0.0,0.0,0.0033500837520938024,0.006700167504187605,0.0,0.0,0.0,0.0,0.0,0.0,0.0,0.0,0.0,0.0,0.01507537688442211,0.0,0.0,0.3015075376884422,0.0,0.006700167504187605,0.0,0.0,0.0,0.0,0.06197654941373534,0.0,0.0,0.0016750418760469012,0.0016750418760469012,0.0,0.0,0.0,0.0,0.0,0.0,0.0,0.0,0.06030150753768844,0.01340033500837521,0.008375209380234505,0.0,0.0,0.005025125628140704,0.03685092127303183,0.0,0.0,0.005025125628140704,0.0033500837520938024,0.0,0.0,0.0,0.0,0.24288107202680068,0.0,0.0,0.0
BRN,0.0,0.0,0.0,0.0,0.0,0.0,0.0,0.75,0.0,0.0,0.0,0.0,0.0,0.0,0.0,0.0,0.0,0.0,0.0,0.0,0.0,0.0,0.0,0.0,0.0,0.0,0.0,0.0,0.0,0.0,0.0,0.0,0.0,0.0,0.0,0.0,0.0,0.0,0.0,0.0,0.0,0.0,0.0,0.0,0.0,0.0,0.0,0.0,0.0,0.0,0.0,0.0,0.0,0.0,0.0,0.0,0.0,0.0,0.0,0.0,0.0,0.0,0.0,0.0,0.0,0.0,0.0,0.0,0.0,0.125,0.125
BUL,0.0,0.0,0.0,0.0,0.0,0.0,0.0,0.053824362606232294,0.0,0.0,0.0,0.0679886685552408,0.0,0.0,0.056657223796033995,0.0,0.0,0.0,0.07932011331444759,0.0,0.0,0.0,0.0,0.0,0.0,0.0,0.0,0.0,0.0,0.0084985835694051,0.0,0.0,0.0906515580736544,0.0,0.028328611898016998,0.0,0.0,0.0,0.0,0.0084985835694051,0.0028328611898017,0.0,0.0,0.0,0.0,0.0,0.0,0.0679886685552408,0.0,0.09631728045325778,0.0,0.0,0.0,0.04815864022662889,0.0,0.0,0.0,0.0,0.0084985835694051,0.0,0.0,0.0028328611898017,0.0028328611898017,0.0,0.0,0.0,0.0,0.06232294617563739,0.0,0.10764872521246459,0.20679886685552407
BUR,0.0,0.0,0.0,0.0,0.0,0.0,0.0,1.0,0.0,0.0,0.0,0.0,0.0,0.0,0.0,0.0,0.0,0.0,0.0,0.0,0.0,0.0,0.0,0.0,0.0,0.0,0.0,0.0,0.0,0.0,0.0,0.0,0.0,0.0,0.0,0.0,0.0,0.0,0.0,0.0,0.0,0.0,0.0,0.0,0.0,0.0,0.0,0.0,0.0,0.0,0.0,0.0,0.0,0.0,0.0,0.0,0.0,0.0,0.0,0.0,0.0,0.0,0.0,0.0,0.0,0.0,0.0,0.0,0.0,0.0,0.0
CAN,0.0,0.0,0.0,0.0,0.0022650056625141564,0.0,0.0,0.13590033975084936,0.0,0.0,0.01698754246885617,0.010192525481313703,0.0,0.004530011325028313,0.020385050962627407,0.0011325028312570782,0.0,0.006795016987542469,0.03737259343148358,0.0,0.0,0.026047565118912798,0.0,0.0,0.0,0.0,0.0022650056625141564,0.02491506228765572,0.0,0.01925254813137033,0.0011325028312570782,0.0,0.08040770101925254,0.0011325028312570782,0.0011325028312570782,0.0,0.0,0.009060022650056626,0.0,0.009060022650056626,0.0,0.04077010192525481,0.0,0.0,0.0,0.0,0.0,0.0011325028312570782,0.0,0.25254813137032844,0.0,0.02944507361268403,0.028312570781426953,0.027180067950169876,0.0,0.0,0.0,0.0,0.13703284258210646,0.02944507361268403,0.0,0.0033975084937712344,0.004530011325028313,0.0011325028312570782,0.007927519818799546,0.0022650056625141564,0.0,0.0,0.0,0.0056625141562853904,0.01925254813137033
CHI,0.0,0.0,0.0,0.0,0.0,0.0,0.0,0.058823529411764705,0.0,0.0,0.0,0.0,0.0,0.0,0.08823529411764706,0.0,0.0,0.0,0.0,0.0,0.0,0.0,0.0,0.0,0.0,0.0,0.0,0.0,0.0,0.11764705882352941,0.0,0.0,0.5,0.0,0.0,0.0,0.0,0.0,0.0,0.0,0.0,0.0,0.0,0.0,0.0,0.0,0.0,0.0,0.0,0.0,0.0,0.0,0.0,0.058823529411764705,0.0,0.0,0.0,0.0,0.0,0.0,0.0,0.0,0.14705882352941177,0.0,0.0,0.0,0.0,0.0,0.0,0.0,0.029411764705882353
CHN,0.003284072249589491,0.0,0.0,0.0180623973727422,0.0,0.019704433497536946,0.017241379310344827,0.029556650246305417,0.06814449917898194,0.0,0.0,0.018883415435139574,0.0,0.003284072249589491,0.015599343185550082,0.0008210180623973727,0.0,0.007389162561576354,0.003284072249589491,0.0,0.0,0.007389162561576354,0.0008210180623973727,0.0,0.0,0.0,0.0024630541871921183,0.09770114942528736,0.0,0.0,0.025451559934318555,0.0,0.012315270935960592,0.0016420361247947454,0.08949096880131363,0.010673234811165846,0.027093596059113302,0.0,0.0,0.018883415435139574,0.0016420361247947454,0.0,0.0,0.0008210180623973727,0.0,0.0,0.0,0.0090311986863711,0.0,0.0361247947454844,0.0,0.0,0.006568144499178982,0.0665024630541872,0.0,0.012315270935960592,0.0016420361247947454,0.0,0.09852216748768473,0.025451559934318555,0.08538587848932677,0.010673234811165846,0.005747126436781609,0.004105090311986864,0.0090311986863711,0.0,0.0,0.054187192118226604,0.0,0.05747126436781609,0.015599343185550082
CIV,0.0,0.0,0.0,0.0,0.0,0.0,0.0,0.2,0.0,0.0,0.0,0.0,0.0,0.0,0.0,0.0,0.0,0.0,0.0,0.0,0.0,0.0,0.0,0.0,0.0,0.0,0.0,0.0,0.0,0.0,0.0,0.0,0.0,0.0,0.0,0.0,0.0,0.0,0.0,0.0,0.0,0.0,0.0,0.0,0.0,0.0,0.0,0.0,0.0,0.0,0.0,0.0,0.0,0.0,0.0,0.0,0.0,0.0,0.0,0.0,0.0,0.8,0.0,0.0,0.0,0.0,0.0,0.0,0.0,0.0,0.0
CMR,0.0,0.0,0.0,0.0,0.0,0.0,0.0,0.09090909090909091,0.0,0.0,0.0,0.0,0.0,0.0,0.09090909090909091,0.0,0.0,0.0,0.0,0.0,0.0,0.0,0.0,0.0,0.0,0.0,0.0,0.0,0.0,0.0,0.0,0.0,0.8181818181818182,0.0,0.0,0.0,0.0,0.0,0.0,0.0,0.0,0.0,0.0,0.0,0.0,0.0,0.0,0.0,0.0,0.0,0.0,0.0,0.0,0.0,0.0,0.0,0.0,0.0,0.0,0.0,0.0,0.0,0.0,0.0,0.0,0.0,0.0,0.0,0.0,0.0,0.0
COL,0.0,0.0,0.0,0.0,0.0,0.02702702702702703,0.0,0.13513513513513514,0.0,0.0,0.0,0.0,0.0,0.0,0.13513513513513514,0.0,0.0,0.0,0.0,0.0,0.0,0.16216216216216217,0.0,0.05405405405405406,0.0,0.0,0.0,0.0,0.0,0.0,0.0,0.0,0.0,0.0,0.0,0.0,0.0,0.0,0.0,0.05405405405405406,0.0,0.0,0.0,0.0,0.0,0.0,0.0,0.0,0.0,0.0,0.0,0.0,0.0,0.05405405405405406,0.0,0.0,0.0,0.0,0.0,0.0,0.0,0.02702702702702703,0.0,0.0,0.0,0.0,0.02702702702702703,0.0,0.0,0.24324324324324326,0.08108108108108109
CPV,0.0,0.0,0.0,0.0,0.0,0.0,0.0,0.0,0.0,0.0,0.0,0.0,0.0,0.0,1.0,0.0,0.0,0.0,0.0,0.0,0.0,0.0,0.0,0.0,0.0,0.0,0.0,0.0,0.0,0.0,0.0,0.0,0.0,0.0,0.0,0.0,0.0,0.0,0.0,0.0,0.0,0.0,0.0,0.0,0.0,0.0,0.0,0.0,0.0,0.0,0.0,0.0,0.0,0.0,0.0,0.0,0.0,0.0,0.0,0.0,0.0,0.0,0.0,0.0,0.0,0.0,0.0,0.0,0.0,0.0,0.0
CRC,0.0,0.0,0.0,0.0,0.0,0.0,0.0,0.0,0.0,0.0,0.0,0.0,0.0,0.0,0.0,0.0,0.0,0.0,0.0,0.0,0.0,0.0,0.0,0.0,0.0,0.0,0.0,0.0,0.0,0.0,0.0,0.0,0.0,0.0,0.0,0.0,0.0,0.0,0.0,0.0,0.0,0.0,0.0,0.0,0.0,0.0,0.0,0.0,0.0,0.0,0.0,0.0,0.0,0.0,0.0,0.0,0.0,0.0,1.0,0.0,0.0,0.0,0.0,0.0,0.0,0.0,0.0,0.0,0.0,0.0,0.0
CRO,0.0,0.0,0.0,0.0,0.0,0.005917159763313609,0.0,0.03550295857988166,0.0,0.0,0.0,0.07100591715976332,0.0,0.0,0.005917159763313609,0.0,0.0,0.0,0.0,0.0,0.0,0.0,0.0,0.0,0.0,0.0,0.0,0.0,0.0,0.0,0.0,0.0,0.0,0.0,0.005917159763313609,0.27218934911242604,0.0,0.0,0.0,0.005917159763313609,0.0,0.0,0.0,0.0,0.0,0.0,0.0,0.0,0.0,0.13609467455621302,0.0,0.0,0.023668639053254437,0.023668639053254437,0.0,0.0,0.0,0.0,0.005917159763313609,0.0,0.0,0.03550295857988166,0.05917159763313609,0.0,0.0,0.0,0.0,0.0,0.30177514792899407,0.011834319526627219,0.0
CUB,0.0,0.0,0.0,0.0,0.0,0.0,0.0,0.14055299539170507,0.0,0.25806451612903225,0.0,0.027649769585253458,0.0,0.0,0.18433179723502305,0.0,0.0,0.0069124423963133645,0.01152073732718894,0.0,0.0,0.002304147465437788,0.0,0.0,0.0,0.0,0.0,0.0,0.0,0.0,0.04608294930875576,0.0,0.0,0.0,0.0,0.0,0.0,0.0,0.0,0.08525345622119816,0.0,0.0,0.0,0.0,0.0,0.0,0.0,0.0,0.0,0.0,0.0,0.0,0.004608294930875576,0.01152073732718894,0.0,0.0,0.0,0.0,0.004608294930875576,0.0,0.0,0.016129032258064516,0.0,0.0,0.0,0.0,0.0,0.11981566820276497,0.0,0.01152073732718894,0.06912442396313365
CYP,0.0,0.0,0.0,0.0,0.0,0.0,0.0,0.0,0.0,0.0,0.0,0.0,0.0,0.0,0.0,0.0,0.0,0.0,0.0,0.0,0.0,0.0,0.0,0.0,0.0,0.0,0.0,0.0,0.0,0.0,0.0,0.0,0.0,0.0,0.0,0.0,0.0,0.0,0.0,0.0,0.0,0.0,0.0,0.0,0.0,0.0,0.0,0.0,0.0,0.0,0.0,0.0,1.0,0.0,0.0,0.0,0.0,0.0,0.0,0.0,0.0,0.0,0.0,0.0,0.0,0.0,0.0,0.0,0.0,0.0,0.0
CZE,0.0,0.0,0.0,0.0,0.0,0.0,0.0,0.16129032258064516,0.0,0.0,0.0,0.0,0.0,0.0,0.010752688172043012,0.0,0.021505376344086023,0.043010752688172046,0.25806451612903225,0.0,0.0,0.021505376344086023,0.0,0.0,0.0,0.0,0.0,0.0,0.0,0.0,0.053763440860215055,0.0,0.0,0.0,0.0,0.0,0.0,0.0,0.0,0.021505376344086023,0.0,0.0,0.0,0.021505376344086023,0.0,0.0,0.0,0.0,0.0,0.08602150537634409,0.0,0.0,0.010752688172043012,0.11827956989247312,0.0,0.0,0.0,0.0,0.0,0.0,0.0,0.0,0.16129032258064516,0.0,0.0,0.010752688172043012,0.0,0.0,0.0,0.0,0.0
DEN,0.0,0.0,0.0,0.0,0.013513513513513514,0.0,0.0,0.010510510510510511,0.021021021021021023,0.0,0.0,0.0,0.0,0.0,0.018018018018018018,0.0,0.0,0.0045045045045045045,0.03303303303303303,0.0,0.0,0.07807807807807808,0.0,0.0,0.0,0.0,0.016516516516516516,0.003003003003003003,0.006006006006006006,0.012012012012012012,0.009009009009009009,0.0,0.09759759759759759,0.0,0.16666666666666666,0.15765765765765766,0.018018018018018018,0.0,0.0,0.0,0.0,0.0,0.0,0.0,0.0,0.0,0.0,0.0,0.0,0.12162162162162163,0.0,0.0,0.1021021021021021,0.042042042042042045,0.0,0.0,0.0,0.0,0.03303303303303303,0.0,0.003003003003003003,0.0015015015015015015,0.0015015015015015015,0.0,0.0,0.0,0.0045045045045045045,0.0,0.0,0.0045045045045045045,0.021021021021021023
DJI,0.0,0.0,0.0,0.0,0.0,0.0,0.0,1.0,0.0,0.0,0.0,0.0,0.0,0.0,0.0,0.0,0.0,0.0,0.0,0.0,0.0,0.0,0.0,0.0,0.0,0.0,0.0,0.0,0.0,0.0,0.0,0.0,0.0,0.0,0.0,0.0,0.0,0.0,0.0,0.0,0.0,0.0,0.0,0.0,0.0,0.0,0.0,0.0,0.0,0.0,0.0,0.0,0.0,0.0,0.0,0.0,0.0,0.0,0.0,0.0,0.0,0.0,0.0,0.0,0.0,0.0,0.0,0.0,0.0,0.0,0.0
DMA,0.0,0.0,0.0,0.0,0.0,0.0,0.0,1.0,0.0,0.0,0.0,0.0,0.0,0.0,0.0,0.0,0.0,0.0,0.0,0.0,0.0,0.0,0.0,0.0,0.0,0.0,0.0,0.0,0.0,0.0,0.0,0.0,0.0,0.0,0.0,0.0,0.0,0.0,0.0,0.0,0.0,0.0,0.0,0.0,0.0,0.0,0.0,0.0,0.0,0.0,0.0,0.0,0.0,0.0,0.0,0.0,0.0,0.0,0.0,0.0,0.0,0.0,0.0,0.0,0.0,0.0,0.0,0.0,0.0,0.0,0.0
DOM,0.0,0.0,0.0,0.0,0.0,0.0,0.0,0.23809523809523808,0.0,0.0,0.5714285714285714,0.0,0.0,0.0,0.09523809523809523,0.0,0.0,0.0,0.0,0.0,0.0,0.0,0.0,0.0,0.0,0.0,0.0,0.0,0.0,0.0,0.0,0.0,0.0,0.0,0.0,0.0,0.0,0.0,0.0,0.0,0.0,0.0,0.0,0.0,0.0,0.0,0.0,0.0,0.0,0.0,0.0,0.0,0.0,0.0,0.0,0.0,0.0,0.0,0.0,0.0,0.0,0.047619047619047616,0.0,0.0,0.0,0.0,0.0,0.0,0.0,0.047619047619047616,0.0
ECU,0.0,0.0,0.0,0.0,0.0,0.0,0.0,0.45454545454545453,0.0,0.0,0.0,0.0,0.0,0.0,0.0,0.0,0.0,0.0,0.0,0.0,0.0,0.0,0.0,0.0,0.0,0.09090909090909091,0.0,0.0,0.0,0.0,0.0,0.0,0.0,0.0,0.0,0.0,0.0,0.0,0.0,0.0,0.0,0.0,0.0,0.0,0.0,0.0,0.0,0.0,0.0,0.0,0.0,0.0,0.0,0.0,0.0,0.0,0.0,0.0,0.0,0.0,0.0,0.0,0.0,0.0,0.0,0.0,0.0,0.0,0.0,0.36363636363636365,0.09090909090909091
EGY,0.0,0.0,0.0,0.0,0.0,0.0,0.0,0.0,0.0,0.0,0.0,0.0,0.0,0.0,0.08333333333333333,0.0,0.0,0.0,0.0,0.0,0.0,0.0,0.0,0.0,0.0,0.0,0.0,0.05555555555555555,0.0,0.0,0.05555555555555555,0.0,0.0,0.0,0.0,0.0,0.0,0.0,0.0,0.05555555555555555,0.05555555555555555,0.0,0.0,0.05555555555555555,0.0,0.0,0.0,0.0,0.0,0.0,0.0,0.0,0.0,0.0,0.0,0.0,0.0,0.0,0.0,0.0,0.0,0.1111111111111111,0.0,0.0,0.0,0.0,0.0,0.0,0.0,0.3333333333333333,0.19444444444444445
EOR,0.0,0.0,0.0,0.0,0.0,0.0,0.0,0.0,0.0,0.0,0.0,0.0,0.0,0.0,1.0,0.0,0.0,0.0,0.0,0.0,0.0,0.0,0.0,0.0,0.0,0.0,0.0,0.0,0.0,0.0,0.0,0.0,0.0,0.0,0.0,0.0,0.0,0.0,0.0,0.0,0.0,0.0,0.0,0.0,0.0,0.0,0.0,0.0,0.0,0.0,0.0,0.0,0.0,0.0,0.0,0.0,0.0,0.0,0.0,0.0,0.0,0.0,0.0,0.0,0.0,0.0,0.0,0.0,0.0,0.0,0.0
ERI,0.0,0.0,0.0,0.0,0.0,0.0,0.0,1.0,0.0,0.0,0.0,0.0,0.0,0.0,0.0,0.0,0.0,0.0,0.0,0.0,0.0,0.0,0.0,0.0,0.0,0.0,0.0,0.0,0.0,0.0,0.0,0.0,0.0,0.0,0.0,0.0,0.0,0.0,0.0,0.0,0.0,0.0,0.0,0.0,0.0,0.0,0.0,0.0,0.0,0.0,0.0,0.0,0.0,0.0,0.0,0.0,0.0,0.0,0.0,0.0,0.0,0.0,0.0,0.0,0.0,0.0,0.0,0.0,0.0,0.0,0.0
ESP,0.00625,0.0,0.0,0.0046875,0.0,0.0015625,0.0140625,0.03125,0.0015625,0.0,0.0,0.09375,0.003125,0.003125,0.009375,0.0,0.003125,0.0171875,0.0375,0.0,0.0,0.0296875,0.0,0.0,0.0015625,0.0,0.0,0.0,0.0,0.0171875,0.0015625,0.0,0.15,0.0,0.00625,0.1421875,0.1203125,0.0,0.0,0.0109375,0.003125,0.0,0.0,0.0,0.0,0.0078125,0.0,0.01875,0.0,0.003125,0.0,0.0,0.059375,0.0078125,0.0,0.0,0.0015625,0.0,0.0125,0.03125,0.0,0.0109375,0.0359375,0.0,0.0,0.0015625,0.0,0.0,0.096875,0.0015625,0.0015625
EST,0.0,0.0,0.0,0.0,0.0,0.0,0.0,0.125,0.0,0.0,0.0,0.0,0.0,0.0,0.020833333333333332,0.0,0.0,0.0,0.0,0.0,0.0,0.020833333333333332,0.0,0.0,0.0,0.0,0.0,0.0,0.0,0.0,0.10416666666666667,0.0,0.0,0.0,0.0,0.0,0.0,0.0,0.0,0.0625,0.0,0.0,0.0,0.0,0.0,0.0,0.0,0.0,0.0,0.14583333333333334,0.0,0.0,0.14583333333333334,0.0,0.0,0.0,0.0,0.0,0.0,0.0,0.0,0.0,0.0,0.0,0.0,0.0,0.0,0.0,0.0,0.14583333333333334,0.22916666666666666
ETH,0.0,0.0,0.0,0.0,0.0,0.0,0.0,1.0,0.0,0.0,0.0,0.0,0.0,0.0,0.0,0.0,0.0,0.0,0.0,0.0,0.0,0.0,0.0,0.0,0.0,0.0,0.0,0.0,0.0,0.0,0.0,0.0,0.0,0.0,0.0,0.0,0.0,0.0,0.0,0.0,0.0,0.0,0.0,0.0,0.0,0.0,0.0,0.0,0.0,0.0,0.0,0.0,0.0,0.0,0.0,0.0,0.0,0.0,0.0,0.0,0.0,0.0,0.0,0.0,0.0,0.0,0.0,0.0,0.0,0.0,0.0
EUN,0.0,0.0,0.0,0.01818181818181818,0.0,0.0,0.0,0.1318181818181818,0.0,0.0,0.0,0.05454545454545454,0.0,0.0,0.00909090909090909,0.0,0.0,0.0,0.013636363636363636,0.0,0.0,0.0,0.0,0.0,0.0,0.0,0.0,0.013636363636363636,0.0,0.0,0.05909090909090909,0.0,0.0,0.0,0.12727272727272726,0.11363636363636363,0.0,0.0,0.0,0.01818181818181818,0.0,0.0,0.0,0.01818181818181818,0.0,0.0,0.0,0.00909090909090909,0.0,0.01818181818181818,0.0,0.0,0.0,0.03636363636363636,0.0,0.0,0.0,0.0,0.13636363636363635,0.0,0.0,0.0,0.013636363636363636,0.0,0.0,0.0,0.0,0.03636363636363636,0.05909090909090909,0.04090909090909091,0.07272727272727272
FIJ,0.0,0.0,0.0,0.0,0.0,0.0,0.0,0.0,0.0,0.0,0.0,0.0,0.0,0.0,0.0,0.0,0.0,0.0,0.0,0.0,0.0,0.0,0.0,0.0,0.0,0.0,0.0,0.0,0.0,0.0,0.0,0.0,0.0,0.0,0.0,0.0,0.0,0.0,0.0,0.0,0.0,0.0,0.0,0.0,0.0,0.0,0.0,0.0,0.0,0.0,0.0,1.0,0.0,0.0,0.0,0.0,0.0,0.0,0.0,0.0,0.0,0.0,0.0,0.0,0.0,0.0,0.0,0.0,0.0,0.0,0.0
FIN,0.0,0.0,0.0,0.012605042016806723,0.01050420168067227,0.0,0.0,0.28991596638655465,0.0,0.0,0.0,0.0,0.0,0.0,0.03361344537815126,0.0,0.0,0.0,0.029411764705882353,0.0,0.0,0.0,0.0,0.0,0.0,0.0,0.0,0.0,0.0,0.0,0.0,0.004201680672268907,0.0,0.0,0.20798319327731093,0.0,0.0,0.0,0.0,0.0,0.0,0.0,0.0,0.023109243697478993,0.0,0.0,0.0,0.0,0.0,0.03361344537815126,0.0,0.0,0.07352941176470588,0.0861344537815126,0.0,0.0,0.0,0.0,0.01050420168067227,0.0,0.0,0.0,0.0,0.0,0.0,0.0,0.0,0.0,0.0,0.0063025210084033615,0.17857142857142858
FRA,0.0020460358056265983,0.0,0.0,0.02659846547314578,0.0076726342710997444,0.0,0.0,0.06035805626598466,0.0,0.0,0.0,0.043989769820971865,0.0,0.0,0.01432225063938619,0.0005115089514066496,0.001534526854219949,0.0,0.02710997442455243,0.001534526854219949,0.004092071611253197,0.07723785166240409,0.0005115089514066496,0.001534526854219949,0.0010230179028132991,0.0010230179028132991,0.004092071611253197,0.0005115089514066496,0.005626598465473146,0.04040920716112532,0.17391304347826086,0.0,0.02710997442455243,0.0,0.029667519181585677,0.06445012787723785,0.0,0.0,0.0,0.04603580562659847,0.0005115089514066496,0.0,0.0,0.004092071611253197,0.0005115089514066496,0.0020460358056265983,0.0,0.0,0.0,0.06291560102301791,0.02506393861892583,0.01329923273657289,0.06342710997442455,0.03631713554987212,0.0,0.0,0.0,0.0010230179028132991,0.04757033248081841,0.0010230179028132991,0.0035805626598465474,0.005115089514066497,0.019437340153452685,0.0,0.0,0.0035805626598465474,0.0025575447570332483,0.01278772378516624,0.015345268542199489,0.008184143222506393,0.008695652173913044
FRG,0.0,0.0,0.0,0.0,0.0,0.0,0.0,0.14087301587301587,0.0,0.0,0.0,0.0,0.0,0.0,0.011904761904761904,0.0,0.0,0.0,0.027777777777777776,0.0,0.0,0.05555555555555555,0.0,0.0,0.0,0.0,0.0,0.0,0.0,0.12301587301587301,0.09523809523809523,0.0,0.03571428571428571,0.0,0.001984126984126984,0.02976190476190476,0.13095238095238096,0.0,0.0,0.015873015873015872,0.0,0.0,0.0,0.0,0.0,0.0,0.0,0.001984126984126984,0.0,0.10119047619047619,0.0,0.0,0.027777777777777776,0.021825396825396824,0.0,0.0,0.0,0.0,0.11706349206349206,0.0,0.0,0.0,0.005952380952380952,0.0,0.0,0.0,0.0,0.0,0.023809523809523808,0.013888888888888888,0.017857142857142856
GAB,0.0,0.0,0.0,0.0,0.0,0.0,0.0,0.0,0.0,0.0,0.0,0.0,0.0,0.0,0.0,0.0,0.0,0.0,0.0,0.0,0.0,0.0,0.0,0.0,0.0,0.0,0.0,0.0,0.0,0.0,0.0,0.0,0.0,0.0,0.0,0.0,0.0,0.0,0.0,0.0,0.0,0.0,0.0,0.0,0.0,0.0,0.0,0.0,0.0,0.0,0.0,0.0,0.0,0.0,0.0,0.0,0.0,0.0,0.0,0.0,0.0,1.0,0.0,0.0,0.0,0.0,0.0,0.0,0.0,0.0,0.0
GBR,0.0,0.0,0.0,0.0056967572304995615,0.003943908851884312,0.003067484662576687,0.0008764241893076249,0.1722173531989483,0.0026292725679228747,0.0,0.0,0.0,0.0,0.0,0.027607361963190184,0.0,0.0021910604732690623,0.00043821209465381246,0.009640666082383873,0.009202453987730062,0.0,0.07975460122699386,0.0013146362839614374,0.0008764241893076249,0.00043821209465381246,0.00043821209465381246,0.01796669588080631,0.011393514460999123,0.010955302366345312,0.036371603856266435,0.012269938650306749,0.0043821209465381246,0.01971954425942156,0.0017528483786152498,0.022348816827344433,0.0,0.07931638913234006,0.0,0.0008764241893076249,0.008764241893076249,0.0,0.0052585451358457495,0.0,0.0056967572304995615,0.0026292725679228747,0.013146362839614373,0.0043821209465381246,0.0,0.0,0.13978965819456618,0.013146362839614373,0.0052585451358457495,0.06704645048203331,0.044697633654688866,0.0008764241893076249,0.0,0.00043821209465381246,0.0,0.06879929886064855,0.0,0.0,0.0043821209465381246,0.029360210341805432,0.0008764241893076249,0.00043821209465381246,0.006134969325153374,0.017528483786152498,0.0,0.012269938650306749,0.003943908851884312,0.007449605609114811
GDR,0.0,0.0,0.0,0.0,0.0,0.0,0.0,0.166073546856465,0.0,0.0,0.0,0.0,0.0,0.0,0.01542111506524318,0.0,0.0,0.0,0.06168446026097272,0.0,0.0,0.03914590747330961,0.0,0.0,0.0,0.0,0.0,0.00830367734282325,0.0,0.0,0.0011862396204033216,0.0,0.060498220640569395,0.0,0.10201660735468565,0.0498220640569395,0.0,0.0,0.0,0.010676156583629894,0.0,0.0,0.0,0.0,0.0,0.0,0.0,0.0,0.0,0.21826809015421114,0.0,0.0,0.017793594306049824,0.018979833926453145,0.0,0.0,0.0,0.0,0.18030842230130487,0.0,0.0,0.0,0.0,0.0,0.0,0.0,0.0,0.028469750889679714,0.0,0.013048635824436536,0.00830367734282325
GEO,0.0,0.0,0.0,0.0,0.0,0.0,0.0,0.0,0.0,0.0,0.0,0.0,0.0,0.0,0.0425531914893617,0.0,0.0,0.0,0.0,0.0,0.0,0.0,0.0,0.0,0.0,0.0,0.0,0.0,0.0,0.0,0.0,0.0,0.0,0.0,0.0,0.0,0.0,0.0,0.0,0.3191489361702128,0.0,0.0,0.0,0.0,0.0,0.0,0.0,0.0,0.0,0.0,0.0,0.0,0.0,0.02127659574468085,0.0,0.0,0.0,0.0,0.0,0.0,0.0,0.0,0.0,0.0,0.0,0.0,0.0,0.0,0.0,0.14893617021276595,0.46808510638297873
GER,0.0020325203252032522,0.0,0.0010162601626016261,0.006097560975609756,0.013211382113821139,0.0005081300813008131,0.0,0.08384146341463415,0.0,0.0,0.0,0.0,0.0,0.0040650406504065045,0.01524390243902439,0.0,0.003048780487804878,0.01016260162601626,0.08282520325203252,0.0,0.0,0.047764227642276426,0.0,0.0,0.0,0.0,0.007113821138211382,0.017276422764227643,0.007621951219512195,0.07266260162601626,0.03709349593495935,0.001524390243902439,0.06300813008130081,0.0005081300813008131,0.0391260162601626,0.034552845528455285,0.1016260162601626,0.0,0.0,0.017784552845528455,0.0,0.0,0.0005081300813008131,0.001524390243902439,0.0,0.0,0.0,0.0005081300813008131,0.0,0.12804878048780488,0.007621951219512195,0.0,0.023373983739837397,0.015752032520325202,0.0,0.0,0.0,0.0,0.08130081300813008,0.0,0.01016260162601626,0.0010162601626016261,0.008130081300813009,0.0,0.0010162601626016261,0.0010162601626016261,0.004573170731707317,0.0,0.013719512195121951,0.012703252032520325,0.019308943089430895
GHA,0.0,0.0,0.0,0.0,0.0,0.0,0.0,0.0,0.0,0.0,0.0,0.0,0.0,0.0,0.16666666666666666,0.0,0.0,0.0,0.0,0.0,0.0,0.0,0.0,0.0,0.0,0.0,0.0,0.0,0.0,0.0,0.0,0.0,0.8333333333333334,0.0,0.0,0.0,0.0,0.0,0.0,0.0,0.0,0.0,0.0,0.0,0.0,0.0,0.0,0.0,0.0,0.0,0.0,0.0,0.0,0.0,0.0,0.0,0.0,0.0,0.0,0.0,0.0,0.0,0.0,0.0,0.0,0.0,0.0,0.0,0.0,0.0,0.0
GRE,0.0,0.0,0.0,0.0,0.0035587188612099642,0.0071174377224199285,0.0,0.1423487544483986,0.0,0.0,0.0,0.0,0.0,0.0,0.0,0.0,0.0,0.0,0.0,0.0,0.0,0.014234875444839857,0.0,0.0,0.0,0.0,0.0,0.0071174377224199285,0.0,0.0,0.042704626334519574,0.0,0.03914590747330961,0.0,0.042704626334519574,0.0,0.0,0.0,0.0,0.010676156583629894,0.0,0.0,0.0,0.0,0.0,0.0,0.0,0.021352313167259787,0.0,0.21352313167259787,0.0,0.0,0.05693950177935943,0.08896797153024912,0.0,0.0,0.0,0.0,0.028469750889679714,0.0,0.0,0.014234875444839857,0.046263345195729534,0.0,0.0,0.0,0.028469750889679714,0.0,0.09252669039145907,0.05693950177935943,0.042704626334519574
GRN,0.0,0.0,0.0,0.0,0.0,0.0,0.0,1.0,0.0,0.0,0.0,0.0,0.0,0.0,0.0,0.0,0.0,0.0,0.0,0.0,0.0,0.0,0.0,0.0,0.0,0.0,0.0,0.0,0.0,0.0,0.0,0.0,0.0,0.0,0.0,0.0,0.0,0.0,0.0,0.0,0.0,0.0,0.0,0.0,0.0,0.0,0.0,0.0,0.0,0.0,0.0,0.0,0.0,0.0,0.0,0.0,0.0,0.0,0.0,0.0,0.0,0.0,0.0,0.0,0.0,0.0,0.0,0.0,0.0,0.0,0.0
GUA,0.0,0.0,0.0,0.0,0.0,0.0,0.0,0.3333333333333333,0.0,0.0,0.0,0.0,0.0,0.0,0.0,0.0,0.0,0.0,0.0,0.0,0.0,0.0,0.0,0.0,0.0,0.0,0.0,0.0,0.0,0.0,0.0,0.0,0.0,0.0,0.0,0.0,0.0,0.0,0.0,0.0,0.0,0.0,0.0,0.0,0.0,0.0,0.0,0.0,0.0,0.0,0.0,0.0,0.0,0.6666666666666666,0.0,0.0,0.0,0.0,0.0,0.0,0.0,0.0,0.0,0.0,0.0,0.0,0.0,0.0,0.0,0.0,0.0
GUY,0.0,0.0,0.0,0.0,0.0,0.0,0.0,0.0,0.0,0.0,0.0,0.0,0.0,0.0,1.0,0.0,0.0,0.0,0.0,0.0,0.0,0.0,0.0,0.0,0.0,0.0,0.0,0.0,0.0,0.0,0.0,0.0,0.0,0.0,0.0,0.0,0.0,0.0,0.0,0.0,0.0,0.0,0.0,0.0,0.0,0.0,0.0,0.0,0.0,0.0,0.0,0.0,0.0,0.0,0.0,0.0,0.0,0.0,0.0,0.0,0.0,0.0,0.0,0.0,0.0,0.0,0.0,0.0,0.0,0.0,0.0
HAI,0.0,0.0,0.0,0.0,0.0,0.0,0.0,0.14285714285714285,0.0,0.0,0.0,0.0,0.0,0.0,0.0,0.0,0.0,0.0,0.0,0.0,0.0,0.0,0.0,0.0,0.0,0.0,0.0,0.0,0.0,0.0,0.0,0.0,0.0,0.0,0.0,0.0,0.0,0.0,0.0,0.0,0.0,0.0,0.0,0.0,0.0,0.0,0.0,0.0,0.0,0.0,0.14285714285714285,0.0,0.0,0.7142857142857143,0.0,0.0,0.0,0.0,0.0,0.0,0.0,0.0,0.0,0.0,0.0,0.0,0.0,0.0,0.0,0.0,0.0
HKG,0.0,0.0,0.0,0.0,0.0,0.0,0.0,0.0,0.0,0.0,0.0,0.0,0.0,0.0,0.0,0.0,0.0,0.0,0.0,0.0,0.0,0.0625,0.0,0.0,0.0,0.0,0.0625,0.0,0.0,0.0,0.1875,0.0,0.0,0.0,0.0,0.0,0.0,0.0,0.0,0.0,0.0625,0.0,0.0,0.0,0.0,0.0,0.0,0.0,0.0,0.0,0.0,0.0,0.0625,0.0,0.0,0.0,0.0,0.0,0.25,0.0,0.3125,0.0,0.0,0.0,0.0,0.0,0.0,0.0,0.0,0.0,0.0
HUN,0.0,0.0,0.0,0.0,0.004152823920265781,0.0,0.0,0.04401993355481727,0.0,0.0,0.0,0.0,0.0,0.0,0.016611295681063124,0.0,0.0,0.01910299003322259,0.13122923588039867,0.0,0.0,0.0,0.0,0.0,0.0,0.0,0.0,0.0,0.0,0.0008305647840531562,0.2084717607973422,0.0,0.06561461794019934,0.0,0.09219269102990033,0.03737541528239203,0.0,0.0,0.0,0.008305647840531562,0.0008305647840531562,0.0,0.0016611295681063123,0.03322259136212625,0.0,0.0,0.0,0.0,0.0,0.006644518272425249,0.0,0.0,0.0024916943521594683,0.014950166112956811,0.0,0.0,0.0,0.0,0.08222591362126246,0.0,0.0,0.0008305647840531562,0.0008305647840531562,0.0,0.0,0.0,0.0,0.0,0.1644518272425249,0.016611295681063124,0.0473421926910299
INA,0.0,0.0,0.0,0.06,0.0,0.0,0.0,0.0,0.64,0.0,0.0,0.0,0.0,0.0,0.0,0.0,0.0,0.0,0.0,0.0,0.0,0.0,0.0,0.0,0.0,0.0,0.0,0.0,0.0,0.0,0.0,0.0,0.0,0.0,0.0,0.0,0.0,0.0,0.0,0.0,0.0,0.0,0.0,0.0,0.0,0.0,0.0,0.0,0.0,0.0,0.0,0.0,0.0,0.0,0.0,0.0,0.02,0.0,0.0,0.0,0.0,0.0,0.0,0.0,0.0,0.0,0.0,0.0,0.0,0.28,0.0
IND,0.0,0.0,0.0,0.0,0.0,0.0,0.0,0.01694915254237288,0.012711864406779662,0.0,0.0,0.0,0.0,0.0,0.012711864406779662,0.0,0.0,0.0,0.0,0.0,0.0,0.0,0.0,0.0,0.0,0.0,0.0,0.0,0.0,0.0,0.0,0.0,0.0,0.0,0.0,0.0,0.8771186440677966,0.0,0.0,0.0,0.0,0.0,0.0,0.0,0.0,0.0,0.0,0.0,0.0,0.0,0.0,0.0,0.0,0.03389830508474576,0.0,0.0,0.0,0.0,0.0,0.0,0.0,0.0,0.00423728813559322,0.0,0.0,0.0,0.0,0.0,0.0,0.00847457627118644,0.03389830508474576
IOA,0.0,0.0,0.0,0.0,0.0,0.0,0.0,0.0,0.0,0.0,0.0,0.0,0.0,0.0,0.0,0.0,0.0,0.0,0.0,0.0,0.0,0.0,0.0,0.0,0.0,0.0,0.0,0.0,0.0,0.0,0.0,0.0,0.0,0.0,0.0,0.0,0.0,0.0,0.0,0.0,0.0,0.0,0.0,0.0,0.0,0.0,0.0,0.0,0.0,0.0,0.0,0.0,0.0,1.0,0.0,0.0,0.0,0.0,0.0,0.0,0.0,0.0,0.0,0.0,0.0,0.0,0.0,0.0,0.0,0.0,0.0
IRI,0.0,0.0,0.0,0.0,0.0,0.0,0.0,0.011494252873563218,0.0,0.0,0.0,0.0,0.0,0.0,0.0,0.0,0.0,0.0,0.0,0.0,0.0,0.0,0.0,0.0,0.0,0.0,0.0,0.0,0.0,0.0,0.0,0.0,0.0,0.0,0.0,0.0,0.0,0.0,0.0,0.0,0.011494252873563218,0.0,0.0,0.0,0.0,0.0,0.0,0.0,0.0,0.0,0.0,0.0,0.0,0.011494252873563218,0.0,0.0,0.0,0.0,0.0,0.0,0.0,0.11494252873563218,0.0,0.0,0.0,0.0,0.0,0.0,0.0,0.21839080459770116,0.632183908045977
IRL,0.0,0.0,0.0,0.0,0.06,0.02,0.0,0.12,0.0,0.0,0.0,0.0,0.0,0.0,0.38,0.0,0.0,0.0,0.0,0.0,0.0,0.0,0.0,0.0,0.0,0.0,0.0,0.0,0.0,0.02,0.0,0.0,0.0,0.0,0.0,0.0,0.0,0.0,0.0,0.0,0.0,0.0,0.0,0.0,0.0,0.0,0.0,0.0,0.0,0.24,0.0,0.0,0.06,0.0,0.0,0.0,0.0,0.0,0.1,0.0,0.0,0.0,0.0,0.0,0.0,0.0,0.0,0.0,0.0,0.0,0.0
IRQ,0.0,0.0,0.0,0.0,0.0,0.0,0.0,0.0,0.0,0.0,0.0,0.0,0.0,0.0,0.0,0.0,0.0,0.0,0.0,0.0,0.0,0.0,0.0,0.0,0.0,0.0,0.0,0.0,0.0,0.0,0.0,0.0,0.0,0.0,0.0,0.0,0.0,0.0,0.0,0.0,0.0,0.0,0.0,0.0,0.0,0.0,0.0,0.0,0.0,0.0,0.0,0.0,0.0,0.0,0.0,0.0,0.0,0.0,0.0,0.0,0.0,0.0,0.0,0.0,0.0,0.0,0.0,0.0,0.0,1.0,0.0
ISL,0.0,0.0,0.0,0.0,0.0,0.0,0.0,0.11764705882352941,0.0,0.0,0.0,0.0,0.0,0.0,0.0,0.0,0.0,0.0,0.0,0.0,0.0,0.0,0.0,0.0,0.0,0.0,0.0,0.0,0.0,0.0,0.0,0.0,0.0,0.0,0.0,0.8235294117647058,0.0,0.0,0.0,0.058823529411764705,0.0,0.0,0.0,0.0,0.0,0.0,0.0,0.0,0.0,0.0,0.0,0.0,0.0,0.0,0.0,0.0,0.0,0.0,0.0,0.0,0.0,0.0,0.0,0.0,0.0,0.0,0.0,0.0,0.0,0.0,0.0
ISR,0.0,0.0,0.0,0.0,0.0,0.058823529411764705,0.0,0.0,0.0,0.0,0.0,0.0,0.0,0.0,0.0,0.0,0.0,0.0,0.029411764705882353,0.0,0.0,0.0,0.0,0.0,0.0,0.0,0.0,0.0,0.0,0.0,0.0,0.0,0.0,0.0,0.0,0.0,0.0,0.0,0.0,0.5588235294117647,0.0,0.0,0.0,0.0,0.0,0.0,0.0,0.17647058823529413,0.0,0.0,0.0,0.0,0.14705882352941177,0.0,0.0,0.0,0.0,0.0,0.0,0.0,0.0,0.029411764705882353,0.0,0.0,0.0,0.0,0.0,0.0,0.0,0.0,0.0
ISV,0.0,0.0,0.0,0.0,0.0,0.0,0.0,0.0,0.0,0.0,0.0,0.0,0.0,0.0,0.0,0.0,0.0,0.0,0.0,0.0,0.0,0.0,0.0,0.0,0.0,0.0,0.0,0.0,0.0,0.0,0.0,0.0,0.0,0.0,0.0,0.0,0.0,0.0,0.0,0.0,0.0,0.0,0.0,0.0,0.0,0.0,0.0,0.0,0.0,0.0,0.0,0.0,1.0,0.0,0.0,0.0,0.0,0.0,0.0,0.0,0.0,0.0,0.0,0.0,0.0,0.0,0.0,0.0,0.0,0.0,0.0
ITA,0.0,0.0,0.0,0.01059850374064838,0.008728179551122194,0.004987531172069825,0.0,0.0529925187032419,0.0,0.0,0.0,0.014962593516209476,0.0,0.0012468827930174563,0.029925187032418952,0.0,0.0006234413965087282,0.0018703241895261845,0.014339152119700748,0.0,0.0,0.0773067331670823,0.0,0.0,0.0,0.0006234413965087282,0.008728179551122194,0.007481296758104738,0.0,0.028678304239401497,0.2412718204488778,0.0,0.029925187032418952,0.0,0.06795511221945137,0.0,0.0,0.0,0.0,0.011221945137157107,0.0012468827930174563,0.0,0.0006234413965087282,0.008728179551122194,0.0,0.0,0.0,0.014339152119700748,0.0,0.12281795511221945,0.0,0.0,0.019326683291770574,0.03054862842892768,0.0,0.0,0.0,0.0,0.029925187032418952,0.0,0.0,0.003117206982543641,0.0024937655860349127,0.0,0.0,0.0,0.0,0.0529925187032419,0.07481296758104738,0.011845386533665835,0.01371571072319202
JAM,0.0,0.0,0.0,0.0,0.0,0.0,0.0,0.9945652173913043,0.0,0.0,0.0,0.0,0.0,0.0,0.0,0.0,0.0,0.0,0.0,0.0,0.0,0.005434782608695652,0.0,0.0,0.0,0.0,0.0,0.0,0.0,0.0,0.0,0.0,0.0,0.0,0.0,0.0,0.0,0.0,0.0,0.0,0.0,0.0,0.0,0.0,0.0,0.0,0.0,0.0,0.0,0.0,0.0,0.0,0.0,0.0,0.0,0.0,0.0,0.0,0.0,0.0,0.0,0.0,0.0,0.0,0.0,0.0,0.0,0.0,0.0,0.0,0.0
JOR,0.0,0.0,0.0,0.0,0.0,0.0,0.0,0.0,0.0,0.0,0.0,0.0,0.0,0.0,0.0,0.0,0.0,0.0,0.0,0.0,0.0,0.0,0.0,0.0,0.0,0.0,0.0,0.0,0.0,0.0,0.0,0.0,0.0,0.0,0.0,0.0,0.0,0.0,0.0,0.0,0.25,0.0,0.0,0.0,0.0,0.0,0.0,0.0,0.0,0.0,0.0,0.0,0.0,0.0,0.0,0.0,0.0,0.0,0.0,0.0,0.0,0.75,0.0,0.0,0.0,0.0,0.0,0.0,0.0,0.0,0.0
JPN,0.0,0.0,0.0,0.010348071495766699,0.0018814675446848542,0.015051740357478834,0.0,0.03198494825964252,0.010348071495766699,0.060206961429915336,0.036688617121354655,0.011288805268109126,0.0,0.0,0.007525870178739417,0.0009407337723424271,0.0,0.0,0.0009407337723424271,0.0,0.0,0.005644402634054563,0.0,0.0,0.0,0.0,0.0009407337723424271,0.0009407337723424271,0.0037629350893697085,0.0009407337723424271,0.024459078080903106,0.0,0.03198494825964252,0.0018814675446848542,0.1561618062088429,0.0,0.010348071495766699,0.0,0.0,0.12041392285983067,0.0028222013170272815,0.0,0.0,0.0009407337723424271,0.0,0.0,0.0,0.0,0.0,0.0,0.0,0.0,0.005644402634054563,0.005644402634054563,0.008466603951081843,0.041392285983066796,0.0028222013170272815,0.0018814675446848542,0.11947318908748825,0.04891815616180621,0.021636876763875823,0.0009407337723424271,0.0037629350893697085,0.0,0.0,0.0,0.0,0.09501411100658513,0.0,0.014111006585136407,0.08184383819379115
KAZ,0.0,0.0,0.0,0.0,0.0,0.011627906976744186,0.0,0.046511627906976744,0.0,0.0,0.0,0.0,0.0,0.0,0.3023255813953488,0.0,0.0,0.0,0.0,0.0,0.0,0.023255813953488372,0.0,0.0,0.0,0.0,0.0,0.0,0.0,0.0,0.0,0.0,0.0,0.0,0.0,0.0,0.0,0.0,0.0,0.06976744186046512,0.023255813953488372,0.0,0.0,0.011627906976744186,0.0,0.0,0.0,0.0,0.0,0.0,0.0,0.0,0.0,0.05813953488372093,0.0,0.0,0.0,0.0,0.011627906976744186,0.0,0.0,0.011627906976744186,0.0,0.0,0.0,0.0,0.0,0.0,0.0,0.20930232558139536,0.22093023255813954
KEN,0.0,0.0,0.0,0.0,0.0,0.0,0.0,0.9448818897637795,0.0,0.0,0.0,0.0,0.0,0.0,0.05511811023622047,0.0,0.0,0.0,0.0,0.0,0.0,0.0,0.0,0.0,0.0,0.0,0.0,0.0,0.0,0.0,0.0,0.0,0.0,0.0,0.0,0.0,0.0,0.0,0.0,0.0,0.0,0.0,0.0,0.0,0.0,0.0,0.0,0.0,0.0,0.0,0.0,0.0,0.0,0.0,0.0,0.0,0.0,0.0,0.0,0.0,0.0,0.0,0.0,0.0,0.0,0.0,0.0,0.0,0.0,0.0,0.0
KGZ,0.0,0.0,0.0,0.0,0.0,0.0,0.0,0.0,0.0,0.0,0.0,0.0,0.0,0.0,0.08333333333333333,0.0,0.0,0.0,0.0,0.0,0.0,0.0,0.0,0.0,0.0,0.0,0.0,0.0,0.0,0.0,0.0,0.0,0.0,0.0,0.0,0.0,0.0,0.0,0.0,0.08333333333333333,0.0,0.0,0.0,0.0,0.0,0.0,0.0,0.0,0.0,0.0,0.0,0.0,0.0,0.0,0.0,0.0,0.0,0.0,0.0,0.0,0.0,0.0,0.0,0.0,0.0,0.0,0.0,0.0,0.0,0.0,0.8333333333333334
KOR,0.0,0.0,0.0,0.1388888888888889,0.0,0.0030864197530864196,0.0,0.0030864197530864196,0.06172839506172839,0.07407407407407407,0.0,0.016975308641975308,0.0,0.0,0.032407407407407406,0.0,0.0,0.0,0.0,0.0,0.0,0.0,0.0,0.0,0.0,0.0,0.0,0.0,0.0,0.0,0.07098765432098765,0.0,0.027777777777777776,0.0015432098765432098,0.013888888888888888,0.14814814814814814,0.07407407407407407,0.0,0.0,0.0941358024691358,0.0,0.0,0.0,0.0030864197530864196,0.0,0.0,0.0,0.0,0.0,0.0,0.0,0.0,0.0,0.037037037037037035,0.0,0.0,0.0,0.0,0.007716049382716049,0.0,0.05864197530864197,0.038580246913580245,0.0,0.0,0.0,0.0,0.0,0.018518518518518517,0.0,0.020061728395061727,0.05555555555555555
KOS,0.0,0.0,0.0,0.0,0.0,0.0,0.0,0.0,0.0,0.0,0.0,0.0,0.0,0.0,0.0,0.0,0.0,0.0,0.0,0.0,0.0,0.0,0.0,0.0,0.0,0.0,0.0,0.0,0.0,0.0,0.0,0.0,0.0,0.0,0.0,0.0,0.0,0.0,0.0,1.0,0.0,0.0,0.0,0.0,0.0,0.0,0.0,0.0,0.0,0.0,0.0,0.0,0.0,0.0,0.0,0.0,0.0,0.0,0.0,0.0,0.0,0.0,0.0,0.0,0.0,0.0,0.0,0.0,0.0,0.0,0.0
KSA,0.0,0.0,0.0,0.0,0.0,0.0,0.0,0.14285714285714285,0.0,0.0,0.0,0.0,0.0,0.0,0.0,0.0,0.0,0.0,0.0,0.0,0.0,0.0,0.0,0.0,0.0,0.0,0.0,0.0,0.0,0.7142857142857143,0.0,0.0,0.0,0.0,0.0,0.0,0.0,0.0,0.0,0.0,0.14285714285714285,0.0,0.0,0.0,0.0,0.0,0.0,0.0,0.0,0.0,0.0,0.0,0.0,0.0,0.0,0.0,0.0,0.0,0.0,0.0,0.0,0.0,0.0,0.0,0.0,0.0,0.0,0.0,0.0,0.0,0.0
KUW,0.0,0.0,0.0,0.0,0.0,0.0,0.0,0.0,0.0,0.0,0.0,0.0,0.0,0.0,0.0,0.0,0.0,0.0,0.0,0.0,0.0,0.0,0.0,0.0,0.0,0.0,0.0,0.0,0.0,0.0,0.0,0.0,0.0,0.0,0.0,0.0,0.0,0.0,0.0,0.0,0.0,0.0,0.0,0.0,0.0,0.0,0.0,0.0,0.0,0.0,0.0,0.0,0.0,1.0,0.0,0.0,0.0,0.0,0.0,0.0,0.0,0.0,0.0,0.0,0.0,0.0,0.0,0.0,0.0,0.0,0.0
LAT,0.16,0.0,0.0,0.0,0.0,0.0,0.0,0.2,0.0,0.0,0.0,0.0,0.0,0.08,0.0,0.0,0.0,0.0,0.08,0.0,0.0,0.12,0.0,0.0,0.0,0.0,0.0,0.0,0.0,0.0,0.0,0.0,0.0,0.0,0.08,0.0,0.0,0.0,0.0,0.04,0.0,0.0,0.0,0.04,0.0,0.0,0.0,0.0,0.0,0.0,0.0,0.0,0.0,0.04,0.0,0.0,0.0,0.0,0.0,0.0,0.0,0.0,0.0,0.0,0.0,0.0,0.0,0.0,0.0,0.12,0.04
LCA,0.0,0.0,0.0,0.0,0.0,0.0,0.0,1.0,0.0,0.0,0.0,0.0,0.0,0.0,0.0,0.0,0.0,0.0,0.0,0.0,0.0,0.0,0.0,0.0,0.0,0.0,0.0,0.0,0.0,0.0,0.0,0.0,0.0,0.0,0.0,0.0,0.0,0.0,0.0,0.0,0.0,0.0,0.0,0.0,0.0,0.0,0.0,0.0,0.0,0.0,0.0,0.0,0.0,0.0,0.0,0.0,0.0,0.0,0.0,0.0,0.0,0.0,0.0,0.0,0.0,0.0,0.0,0.0,0.0,0.0,0.0
LIB,0.0,0.0,0.0,0.0,0.0,0.0,0.0,0.0,0.0,0.0,0.0,0.0,0.0,0.0,0.0,0.0,0.0,0.0,0.0,0.0,0.0,0.0,0.0,0.0,0.0,0.0,0.0,0.0,0.0,0.0,0.0,0.0,0.0,0.0,0.0,0.0,0.0,0.0,0.0,0.0,0.0,0.0,0.0,0.0,0.0,0.0,0.0,0.0,0.0,0.0,0.0,0.0,0.0,0.0,0.0,0.0,0.0,0.0,0.0,0.0,0.0,0.0,0.0,0.0,0.0,0.0,0.0,0.0,0.0,0.25,0.75
LTU,0.057971014492753624,0.0,0.0,0.0,0.0,0.0,0.0,0.08695652173913043,0.0,0.0,0.0,0.5072463768115942,0.0,0.0,0.014492753623188406,0.014492753623188406,0.0,0.0,0.043478260869565216,0.0,0.0,0.014492753623188406,0.0,0.0,0.0,0.0,0.0,0.0,0.0,0.0,0.0,0.0,0.0,0.0,0.0,0.0,0.0,0.0,0.0,0.0,0.0,0.0,0.0,0.07246376811594203,0.0,0.0,0.0,0.0,0.0,0.10144927536231885,0.0,0.0,0.014492753623188406,0.014492753623188406,0.0,0.0,0.0,0.0,0.014492753623188406,0.0,0.0,0.0,0.0,0.0,0.0,0.0,0.0,0.0,0.0,0.014492753623188406,0.028985507246376812
LUX,0.0,0.0,0.0,0.0,0.5,0.0,0.0,0.3333333333333333,0.0,0.0,0.0,0.0,0.0,0.0,0.0,0.0,0.0,0.0,0.0,0.0,0.0,0.0,0.0,0.0,0.0,0.0,0.0,0.0,0.0,0.0,0.0,0.0,0.0,0.0,0.0,0.0,0.0,0.0,0.0,0.0,0.0,0.0,0.0,0.0,0.0,0.0,0.0,0.0,0.0,0.0,0.0,0.0,0.0,0.0,0.0,0.0,0.0,0.0,0.0,0.0,0.0,0.0,0.0,0.0,0.0,0.0,0.0,0.0,0.0,0.16666666666666666,0.0
MAR,0.0,0.0,0.0,0.0,0.0,0.0,0.0,0.4772727272727273,0.0,0.0,0.0,0.0,0.0,0.0,0.09090909090909091,0.0,0.0,0.0,0.0,0.0,0.0,0.0,0.0,0.0,0.0,0.0,0.0,0.0,0.0,0.0,0.0,0.0,0.4318181818181818,0.0,0.0,0.0,0.0,0.0,0.0,0.0,0.0,0.0,0.0,0.0,0.0,0.0,0.0,0.0,0.0,0.0,0.0,0.0,0.0,0.0,0.0,0.0,0.0,0.0,0.0,0.0,0.0,0.0,0.0,0.0,0.0,0.0,0.0,0.0,0.0,0.0,0.0
MAS,0.0,0.0,0.0,0.0,0.0,0.0,0.0,0.0,0.7727272727272727,0.0,0.0,0.0,0.0,0.0,0.0,0.0,0.0,0.0,0.0,0.0,0.0,0.045454545454545456,0.0,0.0,0.0,0.0,0.045454545454545456,0.13636363636363635,0.0,0.0,0.0,0.0,0.0,0.0,0.0,0.0,0.0,0.0,0.0,0.0,0.0,0.0,0.0,0.0,0.0,0.0,0.0,0.0,0.0,0.0,0.0,0.0,0.0,0.0,0.0,0.0,0.0,0.0,0.0,0.0,0.0,0.0,0.0,0.0,0.0,0.0,0.0,0.0,0.0,0.0,0.0
MDA,0.0,0.0,0.0,0.0,0.0,0.0,0.0,0.0,0.0,0.0,0.0,0.0,0.0,0.0,0.15384615384615385,0.0,0.0,0.15384615384615385,0.15384615384615385,0.0,0.0,0.0,0.0,0.0,0.0,0.0,0.0,0.0,0.0,0.0,0.0,0.0,0.0,0.0,0.0,0.0,0.0,0.0,0.0,0.15384615384615385,0.0,0.0,0.0,0.0,0.0,0.0,0.0,0.0,0.0,0.0,0.0,0.0,0.0,0.07692307692307693,0.0,0.0,0.0,0.0,0.0,0.0,0.0,0.0,0.0,0.0,0.0,0.0,0.0,0.0,0.0,0.15384615384615385,0.15384615384615385
MEX,0.0,0.0,0.0,0.04827586206896552,0.0,0.0,0.0,0.07586206896551724,0.0,0.0,0.0,0.07586206896551724,0.0,0.0,0.09655172413793103,0.0,0.0,0.0,0.0,0.0,0.0,0.013793103448275862,0.0,0.0,0.0,0.0,0.0,0.15172413793103448,0.0,0.11724137931034483,0.006896551724137931,0.0,0.2620689655172414,0.0,0.0,0.0,0.0,0.0,0.0,0.006896551724137931,0.0,0.0,0.0,0.006896551724137931,0.0,0.04827586206896552,0.0,0.0,0.0,0.0,0.0,0.0,0.0,0.006896551724137931,0.0,0.0,0.0,0.0,0.013793103448275862,0.0,0.0,0.04827586206896552,0.0,0.0,0.0,0.0,0.0,0.0,0.0,0.013793103448275862,0.006896551724137931
MGL,0.0,0.0,0.0,0.0,0.0,0.0,0.0,0.0,0.0,0.0,0.0,0.0,0.0,0.0,0.22580645161290322,0.0,0.0,0.0,0.0,0.0,0.0,0.0,0.0,0.0,0.0,0.0,0.0,0.0,0.0,0.0,0.0,0.0,0.0,0.0,0.0,0.0,0.0,0.0,0.0,0.3870967741935484,0.0,0.0,0.0,0.0,0.0,0.0,0.0,0.0,0.0,0.0,0.0,0.0,0.0,0.06451612903225806,0.0,0.0,0.0,0.0,0.0,0.0,0.0,0.0,0.0,0.0,0.0,0.0,0.0,0.0,0.0,0.0,0.3225806451612903
MKD,0.0,0.0,0.0,0.0,0.0,0.0,0.0,0.0,0.0,0.0,0.0,0.0,0.0,0.0,0.0,0.0,0.0,0.0,0.0,0.0,0.0,0.0,0.0,0.0,0.0,0.0,0.0,0.0,0.0,0.0,0.0,0.0,0.0,0.0,0.0,0.0,0.0,0.0,0.0,0.0,0.0,0.0,0.0,0.0,0.0,0.0,0.0,0.0,0.0,0.0,0.0,0.0,0.0,0.0,0.0,0.0,0.0,0.0,0.0,0.0,0.0,0.5,0.0,0.0,0.0,0.0,0.0,0.0,0.0,0.0,0.5
MNE,0.0,0.0,0.0,0.0,0.0,0.0,0.0,0.0,0.0,0.0,0.0,0.0,0.0,0.0,0.0,0.0,0.0,0.0,0.0,0.0,0.0,0.0,0.0,0.0,0.0,0.0,0.0,0.0,0.0,0.0,0.0,0.0,0.0,0.0,0.0,1.0,0.0,0.0,0.0,0.0,0.0,0.0,0.0,0.0,0.0,0.0,0.0,0.0,0.0,0.0,0.0,0.0,0.0,0.0,0.0,0.0,0.0,0.0,0.0,0.0,0.0,0.0,0.0,0.0,0.0,0.0,0.0,0.0,0.0,0.0,0.0
MON,0.0,0.0,0.0,0.0,1.0,0.0,0.0,0.0,0.0,0.0,0.0,0.0,0.0,0.0,0.0,0.0,0.0,0.0,0.0,0.0,0.0,0.0,0.0,0.0,0.0,0.0,0.0,0.0,0.0,0.0,0.0,0.0,0.0,0.0,0.0,0.0,0.0,0.0,0.0,0.0,0.0,0.0,0.0,0.0,0.0,0.0,0.0,0.0,0.0,0.0,0.0,0.0,0.0,0.0,0.0,0.0,0.0,0.0,0.0,0.0,0.0,0.0,0.0,0.0,0.0,0.0,0.0,0.0,0.0,0.0,0.0
MOZ,0.0,0.0,0.0,0.0,0.0,0.0,0.0,1.0,0.0,0.0,0.0,0.0,0.0,0.0,0.0,0.0,0.0,0.0,0.0,0.0,0.0,0.0,0.0,0.0,0.0,0.0,0.0,0.0,0.0,0.0,0.0,0.0,0.0,0.0,0.0,0.0,0.0,0.0,0.0,0.0,0.0,0.0,0.0,0.0,0.0,0.0,0.0,0.0,0.0,0.0,0.0,0.0,0.0,0.0,0.0,0.0,0.0,0.0,0.0,0.0,0.0,0.0,0.0,0.0,0.0,0.0,0.0,0.0,0.0,0.0,0.0
MRI,0.0,0.0,0.0,0.0,0.0,0.0,0.0,0.0,0.0,0.0,0.0,0.0,0.0,0.0,1.0,0.0,0.0,0.0,0.0,0.0,0.0,0.0,0.0,0.0,0.0,0.0,0.0,0.0,0.0,0.0,0.0,0.0,0.0,0.0,0.0,0.0,0.0,0.0,0.0,0.0,0.0,0.0,0.0,0.0,0.0,0.0,0.0,0.0,0.0,0.0,0.0,0.0,0.0,0.0,0.0,0.0,0.0,0.0,0.0,0.0,0.0,0.0,0.0,0.0,0.0,0.0,0.0,0.0,0.0,0.0,0.0
NAM,0.0,0.0,0.0,0.0,0.0,0.0,0.0,1.0,0.0,0.0,0.0,0.0,0.0,0.0,0.0,0.0,0.0,0.0,0.0,0.0,0.0,0.0,0.0,0.0,0.0,0.0,0.0,0.0,0.0,0.0,0.0,0.0,0.0,0.0,0.0,0.0,0.0,0.0,0.0,0.0,0.0,0.0,0.0,0.0,0.0,0.0,0.0,0.0,0.0,0.0,0.0,0.0,0.0,0.0,0.0,0.0,0.0,0.0,0.0,0.0,0.0,0.0,0.0,0.0,0.0,0.0,0.0,0.0,0.0,0.0,0.0
NED,0.0036101083032490976,0.0,0.0,0.009927797833935019,0.00631768953068592,0.0,0.0018050541516245488,0.04693140794223827,0.0009025270758122744,0.0,0.0,0.0,0.0,0.0018050541516245488,0.007220216606498195,0.0,0.0,0.0,0.010830324909747292,0.0,0.0,0.06046931407942238,0.0,0.002707581227436823,0.0,0.004512635379061372,0.016245487364620937,0.0,0.0018050541516245488,0.05054151624548736,0.027978339350180504,0.0,0.03790613718411552,0.0,0.010830324909747292,0.0,0.2779783393501805,0.0,0.0,0.021660649819494584,0.0,0.0,0.0018050541516245488,0.0,0.0,0.0,0.0,0.0,0.0,0.1624548736462094,0.0,0.0,0.04693140794223827,0.005415162454873646,0.0,0.0,0.0,0.0,0.10649819494584838,0.0,0.0,0.0,0.0036101083032490976,0.0,0.0,0.0,0.007220216606498195,0.021660649819494584,0.039711191335740074,0.002707581227436823,0.0
NGR,0.0,0.0,0.0,0.0,0.0,0.0,0.0,0.4158415841584158,0.0,0.0,0.0,0.0,0.0,0.0,0.0594059405940594,0.0,0.0,0.0,0.0,0.0,0.0,0.0,0.0,0.0,0.0,0.0,0.0,0.0,0.0,0.0,0.0,0.0,0.49504950495049505,0.0,0.0,0.0,0.0,0.0,0.0,0.0,0.0,0.0,0.0,0.0,0.0,0.0,0.0,0.0,0.0,0.0,0.0,0.0,0.0,0.0,0.0,0.0,0.0,0.0,0.0,0.0,0.0,0.009900990099009901,0.0,0.0,0.0,0.0,0.0,0.0,0.0,0.009900990099009901,0.009900990099009901
NIG,0.0,0.0,0.0,0.0,0.0,0.0,0.0,0.0,0.0,0.0,0.0,0.0,0.0,0.0,0.5,0.0,0.0,0.0,0.0,0.0,0.0,0.0,0.0,0.0,0.0,0.0,0.0,0.0,0.0,0.0,0.0,0.0,0.0,0.0,0.0,0.0,0.0,0.0,0.0,0.0,0.0,0.0,0.0,0.0,0.0,0.0,0.0,0.0,0.0,0.0,0.0,0.0,0.0,0.0,0.0,0.0,0.0,0.0,0.0,0.0,0.0,0.5,0.0,0.0,0.0,0.0,0.0,0.0,0.0,0.0,0.0
NOR,0.0,0.0,0.0,0.0,0.0015723270440251573,0.0,0.0,0.040880503144654086,0.0,0.0,0.0,0.0,0.0,0.006289308176100629,0.007861635220125786,0.0,0.0,0.0,0.03459119496855346,0.0,0.0,0.006289308176100629,0.0,0.0,0.0,0.0,0.0,0.0,0.0,0.0047169811320754715,0.0015723270440251573,0.006289308176100629,0.07389937106918239,0.0,0.19025157232704404,0.18081761006289307,0.0,0.0,0.0,0.0,0.0,0.0,0.0,0.0,0.0,0.0,0.0,0.0,0.0,0.09748427672955975,0.0,0.0,0.19968553459119498,0.12106918238993711,0.0,0.0,0.0,0.0,0.0031446540880503146,0.0,0.0,0.0031446540880503146,0.0015723270440251573,0.0,0.0,0.0015723270440251573,0.0,0.0,0.0,0.0031446540880503146,0.014150943396226415
NZL,0.0,0.0,0.0,0.0,0.0,0.0,0.0,0.08163265306122448,0.0,0.0,0.0,0.0,0.0,0.0,0.011661807580174927,0.0,0.0029154518950437317,0.03206997084548105,0.052478134110787174,0.0,0.0,0.052478134110787174,0.0,0.0,0.0,0.0,0.04081632653061224,0.0,0.0,0.06705539358600583,0.0,0.0,0.0,0.008746355685131196,0.0,0.0,0.04081632653061224,0.0,0.0,0.0,0.0,0.0,0.0,0.0,0.0,0.0,0.0,0.0,0.0,0.30029154518950435,0.0,0.1457725947521866,0.11370262390670553,0.0058309037900874635,0.0,0.0,0.0,0.0,0.01749271137026239,0.0,0.0,0.0,0.0058309037900874635,0.0029154518950437317,0.0,0.014577259475218658,0.0,0.0,0.0029154518950437317,0.0,0.0
PAK,0.0,0.0,0.0,0.0,0.0,0.0,0.0,0.00819672131147541,0.0,0.0,0.0,0.0,0.0,0.0,0.00819672131147541,0.0,0.0,0.0,0.0,0.0,0.0,0.0,0.0,0.0,0.0,0.0,0.0,0.0,0.0,0.0,0.0,0.0,0.0,0.0,0.0,0.0,0.9754098360655737,0.0,0.0,0.0,0.0,0.0,0.0,0.0,0.0,0.0,0.0,0.0,0.0,0.0,0.0,0.0,0.0,0.0,0.0,0.0,0.0,0.0,0.0,0.0,0.0,0.0,0.0,0.0,0.0,0.0,0.0,0.0,0.0,0.0,0.00819672131147541
PAN,0.0,0.0,0.0,0.0,0.0,0.0,0.0,0.75,0.0,0.0,0.0,0.0,0.0,0.0,0.25,0.0,0.0,0.0,0.0,0.0,0.0,0.0,0.0,0.0,0.0,0.0,0.0,0.0,0.0,0.0,0.0,0.0,0.0,0.0,0.0,0.0,0.0,0.0,0.0,0.0,0.0,0.0,0.0,0.0,0.0,0.0,0.0,0.0,0.0,0.0,0.0,0.0,0.0,0.0,0.0,0.0,0.0,0.0,0.0,0.0,0.0,0.0,0.0,0.0,0.0,0.0,0.0,0.0,0.0,0.0,0.0
PAR,0.0,0.0,0.0,0.0,0.0,0.0,0.0,0.0,0.0,0.0,0.0,0.0,0.0,0.0,0.0,0.0,0.0,0.0,0.0,0.0,0.0,0.0,0.0,0.0,0.0,0.0,0.0,0.0,0.0,0.0,0.0,0.0,1.0,0.0,0.0,0.0,0.0,0.0,0.0,0.0,0.0,0.0,0.0,0.0,0.0,0.0,0.0,0.0,0.0,0.0,0.0,0.0,0.0,0.0,0.0,0.0,0.0,0.0,0.0,0.0,0.0,0.0,0.0,0.0,0.0,0.0,0.0,0.0,0.0,0.0,0.0
PER,0.0,0.0,0.0,0.0,0.0,0.0,0.0,0.0,0.0,0.0,0.0,0.0,0.0,0.0,0.0,0.0,0.0,0.0,0.0,0.0,0.0,0.0,0.0,0.0,0.0,0.0,0.0,0.0,0.0,0.0,0.0,0.0,0.0,0.0,0.0,0.0,0.0,0.0,0.0,0.0,0.0,0.0,0.0,0.0,0.0,0.0,0.0,0.0,0.0,0.0,0.0,0.0,0.0625,0.1875,0.0,0.0,0.0,0.0,0.0,0.0,0.0,0.0,0.0,0.0,0.0,0.0,0.0,0.75,0.0,0.0,0.0
PHI,0.0,0.0,0.0,0.0,0.0,0.1111111111111111,0.0,0.1111111111111111,0.0,0.0,0.0,0.0,0.0,0.0,0.5555555555555556,0.0,0.0,0.0,0.0,0.0,0.0,0.0,0.0,0.0,0.0,0.0,0.0,0.0,0.0,0.0,0.0,0.0,0.0,0.0,0.0,0.0,0.0,0.0,0.0,0.0,0.0,0.0,0.0,0.0,0.0,0.0,0.0,0.0,0.0,0.0,0.0,0.0,0.0,0.0,0.0,0.0,0.0,0.0,0.1111111111111111,0.0,0.0,0.0,0.0,0.0,0.0,0.0,0.0,0.0,0.0,0.1111111111111111,0.0
POL,0.0,0.0,0.0,0.006644518272425249,0.013289036544850499,0.0,0.0,0.15946843853820597,0.0,0.0,0.0,0.0,0.0,0.0,0.07308970099667775,0.0,0.0016611295681063123,0.009966777408637873,0.061461794019933555,0.0,0.0,0.03986710963455149,0.0,0.0,0.0,0.0,0.0016611295681063123,0.0,0.0,0.024916943521594685,0.14285714285714285,0.0,0.08305647840531562,0.0,0.014950166112956811,0.023255813953488372,0.0,0.0,0.0,0.013289036544850499,0.0,0.0,0.0,0.009966777408637873,0.0,0.0,0.0,0.0,0.0,0.09966777408637874,0.0,0.0,0.009966777408637873,0.019933554817275746,0.0,0.0,0.0033222591362126247,0.0,0.009966777408637873,0.0,0.0,0.0,0.0016611295681063123,0.0,0.0,0.0,0.0,0.07807308970099668,0.0,0.053156146179401995,0.044850498338870434
POR,0.0,0.0,0.0,0.0,0.0,0.0,0.0,0.26,0.0,0.0,0.0,0.0,0.0,0.0,0.0,0.0,0.0,0.02,0.04,0.0,0.0,0.02,0.0,0.0,0.0,0.0,0.06,0.0,0.0,0.2,0.12,0.0,0.0,0.0,0.0,0.0,0.0,0.0,0.0,0.08,0.0,0.0,0.0,0.0,0.0,0.0,0.0,0.0,0.0,0.0,0.0,0.0,0.16,0.02,0.0,0.0,0.0,0.0,0.0,0.0,0.0,0.0,0.0,0.0,0.0,0.02,0.0,0.0,0.0,0.0,0.0
PRK,0.0,0.0,0.0,0.0,0.0,0.0,0.0,0.0,0.0,0.0,0.0,0.0,0.0,0.0,0.1232876712328767,0.0,0.0,0.0,0.0,0.0,0.0,0.0,0.0,0.0,0.0,0.0,0.0,0.0410958904109589,0.0,0.0,0.0,0.0,0.0,0.0,0.0410958904109589,0.0,0.0,0.0,0.0,0.1095890410958904,0.0,0.0,0.0,0.0,0.0,0.0,0.0,0.0,0.0,0.0,0.0,0.0,0.0,0.0410958904109589,0.0,0.0,0.0,0.0,0.0,0.0,0.0958904109589041,0.0,0.0,0.0,0.0,0.0,0.0,0.1506849315068493,0.0,0.2328767123287671,0.1643835616438356
PUR,0.0,0.0,0.0,0.0,0.0,0.0,0.0,0.25,0.0,0.0,0.0,0.0,0.0,0.0,0.5,0.0,0.0,0.0,0.0,0.0,0.0,0.0,0.0,0.0,0.0,0.0,0.0,0.0,0.0,0.0,0.0,0.0,0.0,0.0,0.0,0.0,0.0,0.0,0.0,0.0,0.0,0.0,0.0,0.0,0.0,0.0,0.0,0.0,0.0,0.0,0.0,0.0,0.0,0.0,0.0,0.0,0.0,0.0,0.0,0.0,0.0,0.0,0.08333333333333333,0.0,0.0,0.0,0.0,0.0,0.0,0.0,0.16666666666666666
QAT,0.0,0.0,0.0,0.0,0.0,0.0,0.0,0.5,0.0,0.0,0.0,0.0,0.0,0.2,0.0,0.0,0.0,0.0,0.0,0.0,0.0,0.0,0.0,0.0,0.0,0.0,0.0,0.0,0.0,0.0,0.0,0.0,0.0,0.0,0.0,0.0,0.0,0.0,0.0,0.0,0.0,0.0,0.0,0.0,0.0,0.0,0.0,0.0,0.0,0.0,0.0,0.0,0.0,0.1,0.0,0.0,0.0,0.0,0.0,0.0,0.0,0.0,0.0,0.0,0.0,0.0,0.0,0.0,0.0,0.2,0.0
ROC,0.053691275167785234,0.0,0.0,0.026845637583892617,0.0,0.09395973154362416,0.06711409395973154,0.013422818791946308,0.0,0.0,0.0,0.0,0.0,0.013422818791946308,0.040268456375838924,0.0,0.0,0.0,0.0,0.0,0.0,0.0,0.0,0.0,0.0,0.0,0.03355704697986577,0.013422818791946308,0.0,0.0,0.1342281879194631,0.0,0.0,0.0,0.0,0.10067114093959731,0.0,0.0,0.0,0.020134228187919462,0.0,0.0,0.0,0.0,0.0,0.0,0.0,0.040268456375838924,0.0,0.020134228187919462,0.0,0.0,0.0,0.06711409395973154,0.0,0.0,0.0,0.0,0.06711409395973154,0.0,0.0,0.026845637583892617,0.03355704697986577,0.0,0.0,0.0,0.0,0.08053691275167785,0.0,0.0,0.053691275167785234
ROU,0.0,0.0,0.0,0.0,0.0,0.0014684287812041115,0.0,0.0513950073421439,0.0,0.0,0.0,0.0,0.0,0.0,0.03671071953010279,0.0,0.0,0.0,0.09838472834067548,0.0,0.0,0.0,0.0,0.0,0.0,0.0,0.0,0.0,0.0,0.005873715124816446,0.07048458149779736,0.0,0.0,0.0,0.19823788546255505,0.08516886930983847,0.0,0.0,0.0,0.00881057268722467,0.0,0.0,0.0,0.0,0.0,0.0,0.0,0.0014684287812041115,0.0,0.2936857562408223,0.023494860499265784,0.0,0.0,0.022026431718061675,0.0,0.0,0.0,0.0,0.016152716593245228,0.0,0.0,0.0,0.002936857562408223,0.0,0.0,0.0,0.0,0.014684287812041116,0.0,0.020558002936857563,0.048458149779735685
RSA,0.0,0.0,0.0,0.0,0.012903225806451613,0.0,0.0,0.23225806451612904,0.0,0.0,0.0,0.0,0.0,0.0,0.12258064516129032,0.0,0.0,0.0,0.0064516129032258064,0.0,0.0,0.1032258064516129,0.0,0.0,0.0064516129032258064,0.0,0.0,0.0,0.0,0.0,0.0,0.0,0.0,0.0,0.0,0.0,0.0,0.0,0.0,0.0,0.0,0.0,0.0,0.0,0.0,0.0,0.0,0.0,0.0,0.05161290322580645,0.0,0.16774193548387098,0.0,0.03225806451612903,0.0,0.0,0.0,0.0064516129032258064,0.2,0.0,0.0,0.0,0.05161290322580645,0.0,0.0,0.0064516129032258064,0.0,0.0,0.0,0.0,0.0
RUS,0.0,0.0,0.0,0.004419889502762431,0.0,0.0,0.0,0.1138121546961326,0.0022099447513812156,0.0,0.0,0.039779005524861875,0.0,0.0,0.03314917127071823,0.0,0.0,0.0,0.02430939226519337,0.0,0.0,0.026519337016574586,0.0,0.0,0.0,0.0,0.0,0.02983425414364641,0.0,0.0,0.06850828729281767,0.0011049723756906078,0.0,0.0,0.09171270718232044,0.06408839779005525,0.0,0.0,0.0,0.017679558011049725,0.0,0.0,0.0,0.0055248618784530384,0.0,0.0,0.0,0.049723756906077346,0.0,0.019889502762430938,0.0,0.0,0.012154696132596685,0.039779005524861875,0.0,0.0,0.0,0.0,0.04751381215469613,0.05966850828729282,0.0,0.004419889502762431,0.011049723756906077,0.0,0.004419889502762431,0.0,0.0,0.07734806629834254,0.056353591160221,0.028729281767955802,0.06629834254143646
SCG,0.0,0.0,0.0,0.0,0.0,0.0,0.0,0.0,0.0,0.0,0.0,0.1875,0.0,0.0,0.0,0.0,0.0,0.0,0.0,0.0,0.0,0.0,0.0,0.0,0.0,0.0,0.0,0.0,0.0,0.0,0.0,0.0,0.0,0.0,0.0,0.0,0.0,0.0,0.0,0.0,0.0,0.0,0.0,0.0,0.0,0.0,0.0,0.0,0.0,0.0,0.0,0.0,0.0,0.0625,0.0,0.0,0.0,0.0,0.0,0.0,0.0,0.0,0.0,0.0,0.0,0.0,0.0,0.359375,0.390625,0.0,0.0
SEN,0.0,0.0,0.0,0.0,0.0,0.0,0.0,1.0,0.0,0.0,0.0,0.0,0.0,0.0,0.0,0.0,0.0,0.0,0.0,0.0,0.0,0.0,0.0,0.0,0.0,0.0,0.0,0.0,0.0,0.0,0.0,0.0,0.0,0.0,0.0,0.0,0.0,0.0,0.0,0.0,0.0,0.0,0.0,0.0,0.0,0.0,0.0,0.0,0.0,0.0,0.0,0.0,0.0,0.0,0.0,0.0,0.0,0.0,0.0,0.0,0.0,0.0,0.0,0.0,0.0,0.0,0.0,0.0,0.0,0.0,0.0
SGP,0.0,0.0,0.0,0.0,0.0,0.0,0.0,0.0,0.0,0.0,0.0,0.0,0.0,0.0,0.0,0.0,0.0,0.0,0.0,0.0,0.0,0.0,0.0,0.0,0.0,0.0,0.0,0.0,0.0,0.0,0.0,0.0,0.0,0.0,0.0,0.0,0.0,0.0,0.0,0.0,0.0,0.0,0.0,0.0,0.0,0.0,0.0,0.0,0.0,0.0,0.0,0.0,0.1,0.0,0.0,0.0,0.0,0.0,0.1,0.0,0.7,0.0,0.0,0.0,0.0,0.0,0.0,0.0,0.0,0.1,0.0
SLO,0.0,0.0,0.0,0.0,0.0,0.0,0.0,0.10526315789473684,0.0,0.0,0.0,0.0,0.0,0.0,0.0,0.0,0.02631578947368421,0.0,0.05263157894736842,0.0,0.0,0.0,0.0,0.0,0.0,0.05263157894736842,0.0,0.0,0.0,0.0,0.0,0.0,0.0,0.0,0.0,0.0,0.0,0.0,0.0,0.18421052631578946,0.0,0.0,0.0,0.0,0.0,0.0,0.0,0.0,0.0,0.3157894736842105,0.0,0.0,0.10526315789473684,0.07894736842105263,0.0,0.0,0.05263157894736842,0.0,0.02631578947368421,0.0,0.0,0.0,0.0,0.0,0.0,0.0,0.0,0.0,0.0,0.0,0.0
SMR,0.0,0.0,0.0,0.0,0.0,0.0,0.0,0.0,0.0,0.0,0.0,0.0,0.0,0.0,0.0,0.0,0.0,0.0,0.0,0.0,0.0,0.0,0.0,0.0,0.0,0.0,0.0,0.0,0.0,0.0,0.0,0.0,0.0,0.0,0.0,0.0,0.0,0.0,0.0,0.0,0.0,0.0,0.0,0.0,0.0,0.0,0.0,0.0,0.0,0.0,0.0,0.0,0.0,0.75,0.0,0.0,0.0,0.0,0.0,0.0,0.0,0.0,0.0,0.0,0.0,0.0,0.0,0.0,0.0,0.0,0.25
SRB,0.026845637583892617,0.0,0.0,0.0,0.0,0.0,0.0,0.006711409395973154,0.0,0.0,0.0,0.24161073825503357,0.0,0.0,0.0,0.0,0.0,0.0,0.013422818791946308,0.0,0.0,0.0,0.0,0.0,0.0,0.0,0.0,0.0,0.0,0.0,0.0,0.0,0.0,0.0,0.0,0.0,0.0,0.0,0.0,0.0,0.006711409395973154,0.0,0.0,0.0,0.0,0.0,0.0,0.0,0.0,0.0,0.0,0.0,0.0,0.040268456375838924,0.0,0.0,0.0,0.0,0.006711409395973154,0.0,0.0,0.03355704697986577,0.013422818791946308,0.0,0.0,0.0,0.0,0.1610738255033557,0.436241610738255,0.0,0.013422818791946308
SRI,0.0,0.0,0.0,0.0,0.0,0.0,0.0,1.0,0.0,0.0,0.0,0.0,0.0,0.0,0.0,0.0,0.0,0.0,0.0,0.0,0.0,0.0,0.0,0.0,0.0,0.0,0.0,0.0,0.0,0.0,0.0,0.0,0.0,0.0,0.0,0.0,0.0,0.0,0.0,0.0,0.0,0.0,0.0,0.0,0.0,0.0,0.0,0.0,0.0,0.0,0.0,0.0,0.0,0.0,0.0,0.0,0.0,0.0,0.0,0.0,0.0,0.0,0.0,0.0,0.0,0.0,0.0,0.0,0.0,0.0,0.0
SUD,0.0,0.0,0.0,0.0,0.0,0.0,0.0,1.0,0.0,0.0,0.0,0.0,0.0,0.0,0.0,0.0,0.0,0.0,0.0,0.0,0.0,0.0,0.0,0.0,0.0,0.0,0.0,0.0,0.0,0.0,0.0,0.0,0.0,0.0,0.0,0.0,0.0,0.0,0.0,0.0,0.0,0.0,0.0,0.0,0.0,0.0,0.0,0.0,0.0,0.0,0.0,0.0,0.0,0.0,0.0,0.0,0.0,0.0,0.0,0.0,0.0,0.0,0.0,0.0,0.0,0.0,0.0,0.0,0.0,0.0,0.0
SUI,0.0,0.0022675736961451248,0.0045351473922902496,0.0,0.02040816326530612,0.0,0.0,0.018140589569160998,0.0,0.0,0.0,0.0,0.0,0.013605442176870748,0.0,0.0,0.0,0.0,0.009070294784580499,0.0,0.0,0.05895691609977324,0.0022675736961451248,0.0022675736961451248,0.009070294784580499,0.0022675736961451248,0.0,0.0,0.0022675736961451248,0.11337868480725624,0.05215419501133787,0.0,0.034013605442176874,0.0,0.19047619047619047,0.03854875283446712,0.0,0.0,0.0,0.009070294784580499,0.0,0.0,0.0,0.0,0.0,0.0,0.0,0.0,0.0,0.1746031746031746,0.0,0.0,0.027210884353741496,0.1292517006802721,0.0,0.0,0.0,0.0,0.009070294784580499,0.0,0.0,0.0,0.02040816326530612,0.0,0.0,0.013605442176870748,0.0,0.0,0.0,0.009070294784580499,0.034013605442176874
SUR,0.0,0.0,0.0,0.0,0.0,0.0,0.0,0.0,0.0,0.0,0.0,0.0,0.0,0.0,0.0,0.0,0.0,0.0,0.0,0.0,0.0,0.0,0.0,0.0,0.0,0.0,0.0,0.0,0.0,0.0,0.0,0.0,0.0,0.0,0.0,0.0,0.0,0.0,0.0,0.0,0.0,0.0,0.0,0.0,0.0,0.0,0.0,0.0,0.0,0.0,0.0,0.0,0.0,0.0,0.0,0.0,0.0,0.0,1.0,0.0,0.0,0.0,0.0,0.0,0.0,0.0,0.0,0.0,0.0,0.0,0.0
SVK,0.0,0.0,0.0,0.0,0.0,0.0,0.0,0.02,0.0,0.0,0.0,0.0,0.0,0.0,0.0,0.0,0.04,0.08,0.64,0.0,0.0,0.0,0.0,0.0,0.0,0.0,0.0,0.0,0.0,0.0,0.0,0.0,0.0,0.02,0.0,0.0,0.0,0.0,0.0,0.02,0.0,0.0,0.0,0.0,0.0,0.0,0.0,0.0,0.0,0.0,0.0,0.0,0.0,0.12,0.0,0.0,0.0,0.0,0.04,0.0,0.0,0.0,0.0,0.0,0.0,0.0,0.0,0.0,0.0,0.0,0.02
SWE,0.0,0.0,0.0,0.0017271157167530224,0.0034542314335060447,0.0,0.0,0.11398963730569948,0.0,0.0,0.0,0.0,0.0,0.0017271157167530224,0.009499136442141624,0.0,0.0,0.0,0.04922279792746114,0.0,0.0,0.04145077720207254,0.0,0.0,0.0008635578583765112,0.0,0.0,0.018134715025906734,0.004317789291882556,0.07340241796200346,0.022452504317789293,0.0051813471502590676,0.07081174438687392,0.0008635578583765112,0.08894645941278066,0.05267702936096719,0.0,0.0,0.0,0.0008635578583765112,0.0,0.0,0.0,0.02158894645941278,0.0,0.0,0.0,0.0,0.0,0.008635578583765112,0.0,0.0,0.10362694300518134,0.10967184801381692,0.0,0.0,0.0,0.0,0.06303972366148532,0.0,0.006044905008635579,0.0,0.012089810017271158,0.0,0.0,0.0008635578583765112,0.016407599309153715,0.0,0.02072538860103627,0.0034542314335060447,0.07426597582037997
SYR,0.0,0.0,0.0,0.0,0.0,0.0,0.0,0.25,0.0,0.0,0.0,0.0,0.0,0.0,0.25,0.0,0.0,0.0,0.0,0.0,0.0,0.0,0.0,0.0,0.0,0.0,0.0,0.0,0.0,0.0,0.0,0.0,0.0,0.0,0.0,0.0,0.0,0.0,0.0,0.0,0.0,0.0,0.0,0.0,0.0,0.0,0.0,0.0,0.0,0.0,0.0,0.0,0.0,0.0,0.0,0.0,0.0,0.0,0.0,0.0,0.0,0.0,0.0,0.0,0.0,0.0,0.0,0.0,0.0,0.25,0.25
TAN,0.0,0.0,0.0,0.0,0.0,0.0,0.0,1.0,0.0,0.0,0.0,0.0,0.0,0.0,0.0,0.0,0.0,0.0,0.0,0.0,0.0,0.0,0.0,0.0,0.0,0.0,0.0,0.0,0.0,0.0,0.0,0.0,0.0,0.0,0.0,0.0,0.0,0.0,0.0,0.0,0.0,0.0,0.0,0.0,0.0,0.0,0.0,0.0,0.0,0.0,0.0,0.0,0.0,0.0,0.0,0.0,0.0,0.0,0.0,0.0,0.0,0.0,0.0,0.0,0.0,0.0,0.0,0.0,0.0,0.0,0.0
TCH,0.0,0.0,0.0,0.0,0.00909090909090909,0.0,0.0,0.07272727272727272,0.0,0.0,0.0,0.0,0.0,0.0,0.01818181818181818,0.0,0.0,0.0,0.05454545454545454,0.0,0.0,0.03939393939393939,0.0,0.0,0.0,0.0,0.0,0.006060606060606061,0.0,0.0030303030303030303,0.0,0.0,0.1,0.0,0.23636363636363636,0.048484848484848485,0.048484848484848485,0.024242424242424242,0.0,0.0030303030303030303,0.0,0.0,0.0,0.012121212121212121,0.0,0.0,0.0,0.0,0.0,0.13636363636363635,0.0,0.0,0.0,0.02727272727272727,0.0,0.0,0.0,0.0,0.0,0.0,0.0,0.0,0.021212121212121213,0.0,0.0,0.0,0.0,0.0696969696969697,0.0,0.024242424242424242,0.045454545454545456
TGA,0.0,0.0,0.0,0.0,0.0,0.0,0.0,0.0,0.0,0.0,0.0,0.0,0.0,0.0,1.0,0.0,0.0,0.0,0.0,0.0,0.0,0.0,0.0,0.0,0.0,0.0,0.0,0.0,0.0,0.0,0.0,0.0,0.0,0.0,0.0,0.0,0.0,0.0,0.0,0.0,0.0,0.0,0.0,0.0,0.0,0.0,0.0,0.0,0.0,0.0,0.0,0.0,0.0,0.0,0.0,0.0,0.0,0.0,0.0,0.0,0.0,0.0,0.0,0.0,0.0,0.0,0.0,0.0,0.0,0.0,0.0
THA,0.0,0.0,0.0,0.0,0.0,0.0,0.0,0.0,0.02631578947368421,0.0,0.0,0.0,0.0,0.0,0.42105263157894735,0.0,0.0,0.0,0.0,0.0,0.0,0.0,0.0,0.0,0.0,0.0,0.0,0.0,0.0,0.0,0.0,0.0,0.0,0.0,0.0,0.0,0.0,0.0,0.0,0.0,0.0,0.0,0.0,0.0,0.0,0.0,0.0,0.0,0.0,0.0,0.0,0.0,0.0,0.0,0.0,0.0,0.0,0.0,0.0,0.0,0.0,0.18421052631578946,0.0,0.0,0.0,0.0,0.0,0.0,0.0,0.3684210526315789,0.0
TJK,0.0,0.0,0.0,0.0,0.0,0.0,0.0,0.14285714285714285,0.0,0.0,0.0,0.0,0.0,0.0,0.2857142857142857,0.0,0.0,0.0,0.0,0.0,0.0,0.0,0.0,0.0,0.0,0.0,0.0,0.0,0.0,0.0,0.0,0.0,0.0,0.0,0.0,0.0,0.0,0.0,0.0,0.42857142857142855,0.0,0.0,0.0,0.0,0.0,0.0,0.0,0.0,0.0,0.0,0.0,0.0,0.0,0.0,0.0,0.0,0.0,0.0,0.0,0.0,0.0,0.0,0.0,0.0,0.0,0.0,0.0,0.0,0.0,0.0,0.14285714285714285
TKM,0.0,0.0,0.0,0.0,0.0,0.0,0.0,0.0,0.0,0.0,0.0,0.0,0.0,0.0,0.0,0.0,0.0,0.0,0.0,0.0,0.0,0.0,0.0,0.0,0.0,0.0,0.0,0.0,0.0,0.0,0.0,0.0,0.0,0.0,0.0,0.0,0.0,0.0,0.0,0.0,0.0,0.0,0.0,0.0,0.0,0.0,0.0,0.0,0.0,0.0,0.0,0.0,0.0,0.0,0.0,0.0,0.0,0.0,0.0,0.0,0.0,0.0,0.0,0.0,0.0,0.0,0.0,0.0,0.0,1.0,0.0
TOG,0.0,0.0,0.0,0.0,0.0,0.0,0.0,0.0,0.0,0.0,0.0,0.0,0.0,0.0,0.0,0.0,0.0,0.0,1.0,0.0,0.0,0.0,0.0,0.0,0.0,0.0,0.0,0.0,0.0,0.0,0.0,0.0,0.0,0.0,0.0,0.0,0.0,0.0,0.0,0.0,0.0,0.0,0.0,0.0,0.0,0.0,0.0,0.0,0.0,0.0,0.0,0.0,0.0,0.0,0.0,0.0,0.0,0.0,0.0,0.0,0.0,0.0,0.0,0.0,0.0,0.0,0.0,0.0,0.0,0.0,0.0
TPE,0.0,0.0,0.0,0.1643835616438356,0.0,0.0273972602739726,0.0,0.0273972602739726,0.0684931506849315,0.273972602739726,0.0,0.0,0.0,0.0,0.0547945205479452,0.0,0.0,0.0,0.0,0.0,0.0,0.0,0.0,0.0,0.0,0.0,0.0,0.0,0.0,0.0,0.0,0.0,0.0,0.0136986301369863,0.0,0.0,0.0,0.0,0.0,0.0136986301369863,0.0136986301369863,0.0,0.0,0.0,0.0,0.0,0.0,0.0,0.0,0.0,0.0,0.0,0.0,0.0136986301369863,0.0,0.0,0.0,0.0,0.0,0.0,0.0547945205479452,0.1232876712328767,0.0,0.0,0.0,0.0,0.0,0.0,0.0,0.1506849315068493,0.0
TTO,0.0,0.0,0.0,0.0,0.0,0.0,0.0,0.875,0.0,0.0,0.0,0.0,0.0,0.0,0.0,0.0,0.0,0.0,0.0,0.0,0.0,0.0,0.0,0.0,0.0,0.0,0.0,0.0,0.0,0.0,0.0,0.0,0.0,0.0,0.0,0.0,0.0,0.0,0.0,0.0,0.0,0.0,0.0,0.0,0.0,0.0,0.0,0.0,0.0,0.0,0.0,0.0,0.0,0.0,0.0,0.0,0.0,0.0,0.03125,0.0,0.0,0.0,0.0,0.0,0.0,0.0,0.0,0.0,0.0,0.09375,0.0
TUN,0.0,0.0,0.0,0.0,0.0,0.0,0.0,0.2777777777777778,0.0,0.0,0.0,0.0,0.0,0.0,0.1111111111111111,0.0,0.0,0.0,0.0,0.0,0.0,0.0,0.0,0.0,0.0,0.0,0.0,0.0,0.0,0.0,0.1111111111111111,0.0,0.0,0.0,0.0,0.0,0.0,0.0,0.0,0.0,0.0,0.0,0.0,0.0,0.0,0.0,0.0,0.0,0.0,0.0,0.0,0.0,0.0,0.0,0.0,0.0,0.0,0.0,0.2222222222222222,0.0,0.0,0.2222222222222222,0.0,0.0,0.0,0.0,0.0,0.0,0.0,0.0,0.05555555555555555
TUR,0.0,0.0,0.0,0.03361344537815126,0.0,0.008403361344537815,0.0,0.05042016806722689,0.0,0.0,0.0,0.0,0.0,0.0,0.08403361344537816,0.0,0.0,0.0,0.0,0.0,0.0,0.0,0.0,0.0,0.0,0.0,0.0,0.0,0.0,0.0,0.0,0.0,0.0,0.0,0.0,0.0,0.0,0.0,0.0,0.01680672268907563,0.03361344537815126,0.0,0.0,0.0,0.0,0.0,0.0,0.0,0.0,0.0,0.0,0.0,0.0,0.01680672268907563,0.0,0.0,0.0,0.0,0.0,0.0,0.0,0.08403361344537816,0.0,0.0,0.0,0.0,0.0,0.0,0.0,0.10084033613445378,0.5714285714285714
UAE,0.0,0.0,0.0,0.0,0.0,0.0,0.0,0.0,0.0,0.0,0.0,0.0,0.0,0.0,0.0,0.0,0.0,0.0,0.0,0.0,0.0,0.0,0.0,0.0,0.0,0.0,0.0,0.0,0.0,0.0,0.0,0.0,0.0,0.0,0.0,0.0,0.0,0.0,0.0,0.5,0.0,0.0,0.0,0.0,0.0,0.0,0.0,0.0,0.0,0.0,0.0,0.0,0.0,0.5,0.0,0.0,0.0,0.0,0.0,0.0,0.0,0.0,0.0,0.0,0.0,0.0,0.0,0.0,0.0,0.0,0.0
UAR,0.0,0.0,0.0,0.0,0.0,0.0,0.0,0.0,0.0,0.0,0.0,0.0,0.0,0.0,0.5,0.0,0.0,0.0,0.0,0.0,0.0,0.0,0.0,0.0,0.0,0.0,0.0,0.0,0.0,0.0,0.0,0.0,0.0,0.0,0.0,0.0,0.0,0.0,0.0,0.0,0.0,0.0,0.0,0.0,0.0,0.0,0.0,0.0,0.0,0.0,0.0,0.0,0.0,0.0,0.0,0.0,0.0,0.0,0.0,0.0,0.0,0.0,0.0,0.0,0.0,0.0,0.0,0.0,0.0,0.0,0.5
UGA,0.0,0.0,0.0,0.0,0.0,0.0,0.0,0.6923076923076923,0.0,0.0,0.0,0.0,0.0,0.0,0.3076923076923077,0.0,0.0,0.0,0.0,0.0,0.0,0.0,0.0,0.0,0.0,0.0,0.0,0.0,0.0,0.0,0.0,0.0,0.0,0.0,0.0,0.0,0.0,0.0,0.0,0.0,0.0,0.0,0.0,0.0,0.0,0.0,0.0,0.0,0.0,0.0,0.0,0.0,0.0,0.0,0.0,0.0,0.0,0.0,0.0,0.0,0.0,0.0,0.0,0.0,0.0,0.0,0.0,0.0,0.0,0.0,0.0
UKR,0.0,0.0,0.0,0.034334763948497854,0.0,0.004291845493562232,0.04291845493562232,0.1072961373390558,0.0,0.0,0.0,0.0,0.0,0.0,0.06866952789699571,0.0,0.0,0.02145922746781116,0.05150214592274678,0.0,0.0,0.02575107296137339,0.0,0.0,0.0,0.0,0.004291845493562232,0.017167381974248927,0.0,0.0,0.07725321888412018,0.0,0.0,0.0,0.09871244635193133,0.06437768240343347,0.0,0.0,0.0,0.017167381974248927,0.008583690987124463,0.0,0.0,0.008583690987124463,0.0,0.0,0.0,0.02145922746781116,0.0,0.05150214592274678,0.0,0.0,0.04721030042918455,0.04721030042918455,0.0,0.0,0.0,0.0,0.03862660944206009,0.0,0.0,0.0,0.004291845493562232,0.0,0.008583690987124463,0.0,0.0,0.0,0.0,0.034334763948497854,0.0944206008583691
URS,0.0,0.0,0.0,0.0033931168201648087,0.0,0.0,0.0,0.11730489578284052,0.0,0.0,0.0,0.07077072224915172,0.0,0.0,0.024721279689772176,0.0,0.0,0.0,0.04217159476490548,0.0,0.0,0.025690741638390694,0.0,0.0,0.0,0.0,0.0,0.0067862336403296175,0.0,0.014057198254968492,0.07077072224915172,0.0,0.04217159476490548,0.0,0.1396025206010664,0.0407174018419777,0.015511391177896268,0.0,0.0,0.011148812409112942,0.0,0.0,0.0,0.013087736306349976,0.0,0.0,0.0,0.0009694619486185168,0.0,0.07513330101793504,0.0,0.0,0.009694619486185167,0.02375181774115366,0.0,0.0,0.0,0.0,0.060106640814348036,0.0,0.0,0.0,0.0,0.0,0.0,0.0,0.0,0.06834706737760543,0.03780901599612215,0.030053320407174018,0.05622879301987397
URU,0.0,0.0,0.0,0.0,0.0,0.0,0.0,0.0,0.0,0.0,0.0,0.38095238095238093,0.0,0.0,0.015873015873015872,0.0,0.0,0.0,0.0,0.0,0.0,0.015873015873015872,0.0,0.0,0.0,0.0,0.0,0.0,0.0,0.0,0.0,0.0,0.49206349206349204,0.0,0.0,0.0,0.0,0.0,0.0,0.0,0.0,0.0,0.0,0.0,0.0,0.0,0.0,0.0,0.0,0.09523809523809523,0.0,0.0,0.0,0.0,0.0,0.0,0.0,0.0,0.0,0.0,0.0,0.0,0.0,0.0,0.0,0.0,0.0,0.0,0.0,0.0,0.0
USA,0.0014232342999466287,0.0,0.0,0.010674257249599715,0.0016011385874399574,0.004625511474826543,0.0016011385874399574,0.21170610211706103,0.0,0.012097491549546344,0.006938267212239815,0.06920476783490483,0.0,0.003913894324853229,0.020992705924212773,0.0001779042874933286,0.0001779042874933286,0.0003558085749866572,0.0037359900373599006,0.0,0.0,0.01387653442447963,0.0003558085749866572,0.0,0.0001779042874933286,0.0,0.0019569471624266144,0.026151930261519303,0.0019569471624266144,0.023483365949119372,0.014410247286959615,0.0001779042874933286,0.025618217399039318,0.007294075787226472,0.03451343177370575,0.0,0.005337128624799858,0.0019569471624266144,0.0001779042874933286,0.0024906600249066002,0.0001779042874933286,0.002134851449919943,0.0,0.003024372887386586,0.0,0.002134851449919943,0.0,0.0,0.0005337128624799857,0.0690268635474115,0.006404554349759829,0.002134851449919943,0.02526240882405266,0.03682618751111902,0.000889521437466643,0.010674257249599715,0.0005337128624799857,0.0003558085749866572,0.21455257071695427,0.005337128624799858,0.0,0.0019569471624266144,0.011741682974559686,0.0,0.0,0.0014232342999466287,0.0024906600249066002,0.028108877423945917,0.03131115459882583,0.008183597224693116,0.025618217399039318
UZB,0.0,0.0,0.0,0.0,0.0,0.0,0.0,0.0,0.0,0.0,0.0,0.0,0.0,0.0,0.39215686274509803,0.0,0.0,0.0,0.0,0.0,0.0,0.0,0.0,0.0,0.0,0.0,0.0,0.0,0.0,0.0,0.0,0.0,0.0,0.0,0.0196078431372549,0.0,0.0,0.0,0.0,0.19607843137254902,0.0,0.0,0.0,0.0,0.0,0.0,0.0,0.0,0.0,0.0,0.0,0.0,0.0,0.0,0.0,0.0,0.0,0.0,0.0,0.0,0.0,0.058823529411764705,0.0,0.0,0.0196078431372549,0.0,0.0,0.0,0.0,0.058823529411764705,0.2549019607843137
VEN,0.0,0.0,0.0,0.0,0.0,0.0,0.0,0.15789473684210525,0.0,0.0,0.0,0.0,0.0,0.0,0.3157894736842105,0.0,0.0,0.0,0.0,0.0,0.0,0.05263157894736842,0.05263157894736842,0.0,0.0,0.0,0.0,0.0,0.0,0.0,0.05263157894736842,0.0,0.0,0.0,0.0,0.0,0.0,0.0,0.0,0.0,0.0,0.0,0.0,0.0,0.0,0.0,0.0,0.0,0.0,0.0,0.0,0.0,0.0,0.05263157894736842,0.0,0.0,0.0,0.0,0.05263157894736842,0.0,0.0,0.10526315789473684,0.0,0.0,0.0,0.0,0.0,0.0,0.0,0.15789473684210525,0.0
VIE,0.0,0.0,0.0,0.0,0.0,0.0,0.0,0.0,0.0,0.0,0.0,0.0,0.0,0.0,0.0,0.0,0.0,0.0,0.0,0.0,0.0,0.0,0.0,0.0,0.0,0.0,0.0,0.0,0.0,0.0,0.0,0.0,0.0,0.0,0.0,0.0,0.0,0.0,0.0,0.0,0.0,0.0,0.0,0.0,0.0,0.0,0.0,0.0,0.0,0.0,0.0,0.0,0.0,0.5,0.0,0.0,0.0,0.0,0.0,0.0,0.0,0.25,0.0,0.0,0.0,0.0,0.0,0.0,0.0,0.25,0.0
WIF,0.0,0.0,0.0,0.0,0.0,0.0,0.0,1.0,0.0,0.0,0.0,0.0,0.0,0.0,0.0,0.0,0.0,0.0,0.0,0.0,0.0,0.0,0.0,0.0,0.0,0.0,0.0,0.0,0.0,0.0,0.0,0.0,0.0,0.0,0.0,0.0,0.0,0.0,0.0,0.0,0.0,0.0,0.0,0.0,0.0,0.0,0.0,0.0,0.0,0.0,0.0,0.0,0.0,0.0,0.0,0.0,0.0,0.0,0.0,0.0,0.0,0.0,0.0,0.0,0.0,0.0,0.0,0.0,0.0,0.0,0.0
YUG,0.0,0.0,0.0,0.0,0.0,0.0,0.0,0.005221932114882507,0.0,0.0,0.0,0.2193211488250653,0.0,0.0,0.028720626631853787,0.0,0.0,0.0,0.018276762402088774,0.0,0.0,0.0,0.0,0.0,0.0,0.0,0.0,0.0,0.0,0.0,0.0,0.0,0.1906005221932115,0.0,0.04699738903394256,0.18798955613577023,0.0,0.0,0.0,0.005221932114882507,0.0,0.0,0.0,0.0,0.0,0.0,0.0,0.0,0.0,0.033942558746736295,0.0,0.0,0.0,0.007832898172323759,0.0,0.0,0.0,0.0,0.005221932114882507,0.0,0.010443864229765013,0.0,0.0,0.0,0.0,0.0,0.0,0.0,0.19843342036553524,0.0,0.04177545691906005
ZAM,0.0,0.0,0.0,0.0,0.0,0.0,0.0,0.6666666666666666,0.0,0.0,0.0,0.0,0.0,0.0,0.3333333333333333,0.0,0.0,0.0,0.0,0.0,0.0,0.0,0.0,0.0,0.0,0.0,0.0,0.0,0.0,0.0,0.0,0.0,0.0,0.0,0.0,0.0,0.0,0.0,0.0,0.0,0.0,0.0,0.0,0.0,0.0,0.0,0.0,0.0,0.0,0.0,0.0,0.0,0.0,0.0,0.0,0.0,0.0,0.0,0.0,0.0,0.0,0.0,0.0,0.0,0.0,0.0,0.0,0.0,0.0,0.0,0.0
ZIM,0.0,0.0,0.0,0.0,0.0,0.0,0.0,0.0,0.0,0.0,0.0,0.0,0.0,0.0,0.0,0.0,0.0,0.0,0.0,0.0,0.0,0.0,0.0,0.0,0.0,0.0,0.0,0.0,0.0,0.0,0.0,0.0,0.0,0.0,0.0,0.0,0.6818181818181818,0.0,0.0,0.0,0.0,0.0,0.0,0.0,0.0,0.0,0.0,0.0,0.0,0.0,0.0,0.0,0.0,0.0,0.0,0.0,0.0,0.0,0.3181818181818182,0.0,0.0,0.0,0.0,0.0,0.0,0.0,0.0,0.0,0.0,0.0,0.0
